status,duration,chunk_distance,chunk_index,round,seconds,source,type
passed,0.0006172849971335381,2986282,"[92, 1, 5, 10, 11]",0,0.0004706382751464844,local,Overhead
passed,0.0015200829948298633,2986282,"[92, 1, 5, 10, 11]",0,0.0013248920440673828,http,Overhead
passed,0.014852469001198187,2986282,"[92, 1, 5, 10, 11]",0,0.014563560485839844,s3,Overhead
passed,0.00012512499233707786,258041,"[8, 1, 28, 32, 26]",1,1.33514404296875e-05,local,Overhead
passed,0.001454926998121664,258041,"[8, 1, 28, 32, 26]",1,0.0012502670288085938,http,Overhead
passed,0.013176495005609468,258041,"[8, 1, 28, 32, 26]",1,0.012992382049560547,s3,Overhead
passed,0.00011718101450242102,1873966,"[58, 1, 7, 2, 15]",2,1.1920928955078125e-05,local,Overhead
passed,0.0011737149907276034,1873966,"[58, 1, 7, 2, 15]",2,0.0010428428649902344,http,Overhead
passed,0.01443906599888578,1873966,"[58, 1, 7, 2, 15]",2,0.012650012969970703,s3,Overhead
passed,0.0001216480159200728,668415,"[21, 1, 13, 24, 32]",3,1.3113021850585938e-05,local,Overhead
passed,0.001115349994506687,668415,"[21, 1, 13, 24, 32]",3,0.0009589195251464844,http,Overhead
passed,0.012244462996022776,668415,"[21, 1, 13, 24, 32]",3,0.011978387832641602,s3,Overhead
passed,0.00014778401236981153,713168,"[22, 1, 25, 15, 17]",4,1.4066696166992188e-05,local,Overhead
passed,0.0011416099732741714,713168,"[22, 1, 25, 15, 17]",4,0.0010068416595458984,http,Overhead
passed,0.014926034986274317,713168,"[22, 1, 25, 15, 17]",4,0.014695405960083008,s3,Overhead
passed,0.00012939501903019845,3182920,"[98, 1, 5, 11, 9]",5,1.3589859008789062e-05,local,Overhead
passed,0.001516920019639656,3182920,"[98, 1, 5, 11, 9]",5,0.0012874603271484375,http,Overhead
passed,0.011198077001608908,3182920,"[98, 1, 5, 11, 9]",5,0.011034011840820312,s3,Overhead
passed,0.0001260590215679258,2326174,"[71, 1, 32, 21, 31]",6,1.430511474609375e-05,local,Overhead
passed,0.0009212160075549036,2326174,"[71, 1, 32, 21, 31]",6,0.0008096694946289062,http,Overhead
passed,0.011484565999126062,2326174,"[71, 1, 32, 21, 31]",6,0.01129603385925293,s3,Overhead
passed,0.00014192701200954616,949378,"[29, 1, 32, 5, 3]",7,1.3828277587890625e-05,local,Overhead
passed,0.001079632987966761,949378,"[29, 1, 32, 5, 3]",7,0.000946044921875,http,Overhead
passed,0.010899383982177824,949378,"[29, 1, 32, 5, 3]",7,0.010704278945922852,s3,Overhead
passed,0.0002612819953355938,2344097,"[72, 1, 18, 6, 2]",8,1.6450881958007812e-05,local,Overhead
passed,0.0018584229983389378,2344097,"[72, 1, 18, 6, 2]",8,0.0017282962799072266,http,Overhead
passed,0.013604050996946171,2344097,"[72, 1, 18, 6, 2]",8,0.013306617736816406,s3,Overhead
passed,0.00012038400745950639,1991004,"[61, 1, 25, 11, 29]",9,1.3828277587890625e-05,local,Overhead
passed,0.0020686209900304675,1991004,"[61, 1, 25, 11, 29]",9,0.0019106864929199219,http,Overhead
passed,0.011743805021978915,1991004,"[61, 1, 25, 11, 29]",9,0.01157236099243164,s3,Overhead
passed,0.00011974398512393236,3083539,"[95, 1, 4, 9, 20]",10,1.4066696166992188e-05,local,Overhead
passed,0.002935572003480047,3083539,"[95, 1, 4, 9, 20]",10,0.002806425094604492,http,Overhead
passed,0.010624883987475187,3083539,"[95, 1, 4, 9, 20]",10,0.010423660278320312,s3,Overhead
passed,0.00012391500058583915,1303119,"[40, 1, 25, 19, 16]",11,1.4543533325195312e-05,local,Overhead
passed,0.001955744985025376,1303119,"[40, 1, 25, 19, 16]",11,0.0018346309661865234,http,Overhead
passed,0.010652748023858294,1303119,"[40, 1, 25, 19, 16]",11,0.010493755340576172,s3,Overhead
passed,0.00011497701052576303,1775842,"[55, 1, 7, 8, 3]",12,1.1682510375976562e-05,local,Overhead
passed,0.0010521600197535008,1775842,"[55, 1, 7, 8, 3]",12,0.000919342041015625,http,Overhead
passed,0.011060441000154242,1775842,"[55, 1, 7, 8, 3]",12,0.010897397994995117,s3,Overhead
passed,0.00013872201088815928,1145654,"[35, 1, 31, 26, 23]",13,1.4781951904296875e-05,local,Overhead
passed,0.001178282022010535,1145654,"[35, 1, 31, 26, 23]",13,0.001050710678100586,http,Overhead
passed,0.01308243302628398,1145654,"[35, 1, 31, 26, 23]",13,0.012895822525024414,s3,Overhead
passed,0.00018486598855815828,2800247,"[86, 1, 15, 20, 24]",14,1.2636184692382812e-05,local,Overhead
passed,0.0010740410070866346,2800247,"[86, 1, 15, 20, 24]",14,0.0009508132934570312,http,Overhead
passed,0.011513534002006054,2800247,"[86, 1, 15, 20, 24]",14,0.011300802230834961,s3,Overhead
passed,0.00011992198415100574,3111573,"[95, 1, 31, 21, 22]",15,1.239776611328125e-05,local,Overhead
passed,0.0012436289980541915,3111573,"[95, 1, 31, 21, 22]",15,0.0011186599731445312,http,Overhead
passed,0.018289431027369574,3111573,"[95, 1, 31, 21, 22]",15,0.018088817596435547,s3,Overhead
passed,0.00012628399417735636,2462906,"[76, 1, 6, 6, 27]",16,1.5974044799804688e-05,local,Overhead
passed,0.0009945659840013832,2462906,"[76, 1, 6, 6, 27]",16,0.0008714199066162109,http,Overhead
passed,0.010803037002915516,2462906,"[76, 1, 6, 6, 27]",16,0.01058340072631836,s3,Overhead
passed,0.000704000995028764,2405099,"[74, 1, 13, 24, 12]",17,0.00010538101196289062,local,Overhead
passed,0.001406291004968807,2405099,"[74, 1, 13, 24, 12]",17,0.001230001449584961,http,Overhead
passed,0.011215903999982402,2405099,"[74, 1, 13, 24, 12]",17,0.011042594909667969,s3,Overhead
passed,0.00012492400128394365,228096,"[7, 1, 31, 25, 1]",18,1.52587890625e-05,local,Overhead
passed,0.0011177090054843575,228096,"[7, 1, 31, 25, 1]",18,0.0009729862213134766,http,Overhead
passed,0.011036941985366866,228096,"[7, 1, 31, 25, 1]",18,0.010786771774291992,s3,Overhead
passed,0.00013195700012147427,2175078,"[67, 1, 13, 4, 7]",19,1.7881393432617188e-05,local,Overhead
passed,0.0009861299768090248,2175078,"[67, 1, 13, 4, 7]",19,0.000850677490234375,http,Overhead
passed,0.013320011988980696,2175078,"[67, 1, 13, 4, 7]",19,0.013118505477905273,s3,Overhead
passed,0.0001227509928867221,2398228,"[74, 1, 7, 1, 21]",20,1.2159347534179688e-05,local,Overhead
passed,0.0010122739768121392,2398228,"[74, 1, 7, 1, 21]",20,0.0008924007415771484,http,Overhead
passed,0.011737713997717947,2398228,"[74, 1, 7, 1, 21]",20,0.01155400276184082,s3,Overhead
passed,0.00012471998343244195,2297540,"[71, 1, 4, 23, 5]",21,1.33514404296875e-05,local,Overhead
passed,0.0010494710004422814,2297540,"[71, 1, 4, 23, 5]",21,0.0009112358093261719,http,Overhead
passed,0.011518131999764591,2297540,"[71, 1, 4, 23, 5]",21,0.011331558227539062,s3,Overhead
passed,0.0001242720172740519,502985,"[16, 1, 12, 7, 10]",22,1.5020370483398438e-05,local,Overhead
passed,0.0010877919849008322,502985,"[16, 1, 12, 7, 10]",22,0.0009706020355224609,http,Overhead
passed,0.012846327008446679,502985,"[16, 1, 12, 7, 10]",22,0.012294769287109375,s3,Overhead
passed,0.00011838501086458564,1869079,"[58, 1, 2, 9, 24]",23,1.239776611328125e-05,local,Overhead
passed,0.0010475740127731115,1869079,"[58, 1, 2, 9, 24]",23,0.0009243488311767578,http,Overhead
passed,0.012381790002109483,1869079,"[58, 1, 2, 9, 24]",23,0.012236833572387695,s3,Overhead
passed,0.0001396520237904042,1012325,"[31, 1, 29, 20, 6]",24,1.71661376953125e-05,local,Overhead
passed,0.0010354590194765478,1012325,"[31, 1, 29, 20, 6]",24,0.0009036064147949219,http,Overhead
passed,0.010866744996747002,1012325,"[31, 1, 29, 20, 6]",24,0.010641336441040039,s3,Overhead
passed,0.00012672299635596573,2162166,"[66, 1, 32, 16, 23]",25,1.5497207641601562e-05,local,Overhead
passed,0.001172944001154974,2162166,"[66, 1, 32, 16, 23]",25,0.0009236335754394531,http,Overhead
passed,0.011996721004834399,2162166,"[66, 1, 32, 16, 23]",25,0.011834383010864258,s3,Overhead
passed,0.00018622700008563697,950012,"[29, 1, 32, 24, 29]",26,1.5020370483398438e-05,local,Overhead
passed,0.0012010819918941706,950012,"[29, 1, 32, 24, 29]",26,0.0010154247283935547,http,Overhead
passed,0.01075140101602301,950012,"[29, 1, 32, 24, 29]",26,0.010621309280395508,s3,Overhead
passed,0.0003439159772824496,255507,"[8, 1, 26, 17, 20]",27,0.00022554397583007812,local,Overhead
passed,0.0012577790184877813,255507,"[8, 1, 26, 17, 20]",27,0.0011382102966308594,http,Overhead
passed,0.014164577005431056,255507,"[8, 1, 26, 17, 20]",27,0.01391148567199707,s3,Overhead
passed,0.00021596401347778738,2812195,"[86, 1, 27, 10, 4]",28,1.621246337890625e-05,local,Overhead
passed,0.0011861500097438693,2812195,"[86, 1, 27, 10, 4]",28,0.001058816909790039,http,Overhead
passed,0.012122352025471628,2812195,"[86, 1, 27, 10, 4]",28,0.011935710906982422,s3,Overhead
passed,0.00013599000521935523,2767354,"[85, 1, 15, 16, 27]",29,1.5735626220703125e-05,local,Overhead
passed,0.0011838329955935478,2767354,"[85, 1, 15, 16, 27]",29,0.0010557174682617188,http,Overhead
passed,0.014225427992641926,2767354,"[85, 1, 15, 16, 27]",29,0.014065027236938477,s3,Overhead
passed,0.00023674799012951553,1814153,"[56, 1, 12, 21, 10]",30,1.7881393432617188e-05,local,Overhead
passed,0.001344633987173438,1814153,"[56, 1, 12, 21, 10]",30,0.0012094974517822266,http,Overhead
passed,0.012183204991742969,1814153,"[56, 1, 12, 21, 10]",30,0.011987447738647461,s3,Overhead
passed,0.00012455999967642128,2469603,"[76, 1, 12, 24, 4]",31,1.3113021850585938e-05,local,Overhead
passed,0.0014384419773705304,2469603,"[76, 1, 12, 24, 4]",31,0.0013134479522705078,http,Overhead
passed,0.01130385699798353,2469603,"[76, 1, 12, 24, 4]",31,0.011113643646240234,s3,Overhead
passed,0.000275790982414037,1613452,"[50, 1, 8, 21, 13]",32,1.5974044799804688e-05,local,Overhead
passed,0.0011442280083429068,1613452,"[50, 1, 8, 21, 13]",32,0.0010209083557128906,http,Overhead
passed,0.012072075012838468,1613452,"[50, 1, 8, 21, 13]",32,0.011847734451293945,s3,Overhead
passed,0.00012303199036978185,3159233,"[97, 1, 14, 7, 2]",33,1.430511474609375e-05,local,Overhead
passed,0.0012232059962116182,3159233,"[97, 1, 14, 7, 2]",33,0.0010974407196044922,http,Overhead
passed,0.01179807199514471,3159233,"[97, 1, 14, 7, 2]",33,0.01163482666015625,s3,Overhead
passed,0.00012957199942320585,130177,"[4, 1, 32, 5, 2]",34,1.430511474609375e-05,local,Overhead
passed,0.0009958109876606613,130177,"[4, 1, 32, 5, 2]",34,0.0008783340454101562,http,Overhead
passed,0.011668152990750968,130177,"[4, 1, 32, 5, 2]",34,0.011535167694091797,s3,Overhead
passed,0.00011269000242464244,1384659,"[43, 1, 9, 7, 20]",35,1.33514404296875e-05,local,Overhead
passed,0.0011561529827304184,1384659,"[43, 1, 9, 7, 20]",35,0.0009660720825195312,http,Overhead
passed,0.011333960021147504,1384659,"[43, 1, 9, 7, 20]",35,0.011151552200317383,s3,Overhead
passed,0.0001210109912790358,2246412,"[69, 1, 18, 25, 13]",36,1.2874603271484375e-05,local,Overhead
passed,0.0013508869742508978,2246412,"[69, 1, 18, 25, 13]",36,0.0011088848114013672,http,Overhead
passed,0.041158943000482395,2246412,"[69, 1, 18, 25, 13]",36,0.04083967208862305,s3,Overhead
passed,0.00012014398816972971,3206348,"[98, 1, 28, 7, 13]",37,1.239776611328125e-05,local,Overhead
passed,0.001674980972893536,3206348,"[98, 1, 28, 7, 13]",37,0.0015411376953125,http,Overhead
passed,0.010103595006512478,3206348,"[98, 1, 28, 7, 13]",37,0.009855985641479492,s3,Overhead
passed,0.00016148900613188744,2282919,"[70, 1, 22, 14, 8]",38,1.430511474609375e-05,local,Overhead
passed,0.0010898739856202155,2282919,"[70, 1, 22, 14, 8]",38,0.0009737014770507812,http,Overhead
passed,0.011888432025443763,2282919,"[70, 1, 22, 14, 8]",38,0.01173090934753418,s3,Overhead
passed,0.00013576398487202823,1685171,"[52, 1, 14, 22, 20]",39,1.3828277587890625e-05,local,Overhead
passed,0.0010110519942827523,1685171,"[52, 1, 14, 22, 20]",39,0.0009005069732666016,http,Overhead
passed,0.010804821009514853,1685171,"[52, 1, 14, 22, 20]",39,0.010637998580932617,s3,Overhead
passed,0.00021641800412908196,947123,"[29, 1, 29, 30, 20]",40,1.4543533325195312e-05,local,Overhead
passed,0.00121497199870646,947123,"[29, 1, 29, 30, 20]",40,0.001001596450805664,http,Overhead
passed,0.012313359009567648,947123,"[29, 1, 29, 30, 20]",40,0.012146711349487305,s3,Overhead
passed,0.00011992099462077022,1763808,"[54, 1, 27, 16, 1]",41,1.33514404296875e-05,local,Overhead
passed,0.0011969530023634434,1763808,"[54, 1, 27, 16, 1]",41,0.0010769367218017578,http,Overhead
passed,0.012322835013037547,1763808,"[54, 1, 27, 16, 1]",41,0.0120391845703125,s3,Overhead
passed,0.00011576898396015167,3100336,"[95, 1, 20, 22, 17]",42,1.2636184692382812e-05,local,Overhead
passed,0.0011243759945500642,3100336,"[95, 1, 20, 22, 17]",42,0.0009996891021728516,http,Overhead
passed,0.012313830986386165,3100336,"[95, 1, 20, 22, 17]",42,0.012176275253295898,s3,Overhead
passed,0.00018465702305547893,26731,"[1, 1, 27, 4, 12]",43,7.271766662597656e-05,local,Overhead
passed,0.0012771089968737215,26731,"[1, 1, 27, 4, 12]",43,0.0011606216430664062,http,Overhead
passed,0.011520301981363446,26731,"[1, 1, 27, 4, 12]",43,0.01134037971496582,s3,Overhead
passed,0.00019993699970655143,998221,"[31, 1, 15, 27, 14]",44,6.985664367675781e-05,local,Overhead
passed,0.003027335973456502,998221,"[31, 1, 15, 27, 14]",44,0.00272369384765625,http,Overhead
passed,0.013200265006162226,998221,"[31, 1, 15, 27, 14]",44,0.013016939163208008,s3,Overhead
passed,0.00011908099986612797,2271213,"[70, 1, 10, 32, 14]",45,1.33514404296875e-05,local,Overhead
passed,0.0010653430072125047,2271213,"[70, 1, 10, 32, 14]",45,0.0009417533874511719,http,Overhead
passed,0.012029025994706899,2271213,"[70, 1, 10, 32, 14]",45,0.011863231658935547,s3,Overhead
passed,0.00011731102131307125,439928,"[14, 1, 14, 20, 25]",46,1.2159347534179688e-05,local,Overhead
passed,0.0011499950196594,439928,"[14, 1, 14, 20, 25]",46,0.0009603500366210938,http,Overhead
passed,0.01010888398741372,439928,"[14, 1, 14, 20, 25]",46,0.009905576705932617,s3,Overhead
passed,0.0001159739913418889,2041029,"[63, 1, 10, 7, 6]",47,1.2874603271484375e-05,local,Overhead
passed,0.0011690589890349656,2041029,"[63, 1, 10, 7, 6]",47,0.0010528564453125,http,Overhead
passed,0.011573469993891194,2041029,"[63, 1, 10, 7, 6]",47,0.011399269104003906,s3,Overhead
passed,0.00015827800962142646,2618125,"[80, 1, 29, 25, 14]",48,1.5974044799804688e-05,local,Overhead
passed,0.0012313000042922795,2618125,"[80, 1, 29, 25, 14]",48,0.0011110305786132812,http,Overhead
passed,0.01142058300320059,2618125,"[80, 1, 29, 25, 14]",48,0.011264324188232422,s3,Overhead
passed,0.00011661101598292589,2885810,"[89, 1, 3, 6, 19]",49,1.3113021850585938e-05,local,Overhead
passed,0.0012570219987537712,2885810,"[89, 1, 3, 6, 19]",49,0.0011239051818847656,http,Overhead
passed,0.03584050000063144,2885810,"[89, 1, 3, 6, 19]",49,0.03563547134399414,s3,Overhead
passed,0.00012141698971390724,934328,"[29, 1, 17, 14, 25]",50,1.2636184692382812e-05,local,Overhead
passed,0.0011218659928999841,934328,"[29, 1, 17, 14, 25]",50,0.0009980201721191406,http,Overhead
passed,0.011465259012766182,934328,"[29, 1, 17, 14, 25]",50,0.011272907257080078,s3,Overhead
passed,0.00011912500485777855,1163571,"[36, 1, 17, 10, 20]",51,1.3113021850585938e-05,local,Overhead
passed,0.001085500989574939,1163571,"[36, 1, 17, 10, 20]",51,0.0009694099426269531,http,Overhead
passed,0.011983623000560328,1163571,"[36, 1, 17, 10, 20]",51,0.011690139770507812,s3,Overhead
passed,0.0001147559960372746,688931,"[22, 1, 1, 26, 4]",52,1.1920928955078125e-05,local,Overhead
passed,0.001798805024009198,688931,"[22, 1, 1, 26, 4]",52,0.0016770362854003906,http,Overhead
passed,0.013129266008036211,688931,"[22, 1, 1, 26, 4]",52,0.012968778610229492,s3,Overhead
passed,0.00012285899720154703,2134435,"[66, 1, 5, 14, 4]",53,1.9073486328125e-05,local,Overhead
passed,0.0009944289922714233,2134435,"[66, 1, 5, 14, 4]",53,0.0008771419525146484,http,Overhead
passed,0.01111106900498271,2134435,"[66, 1, 5, 14, 4]",53,0.010955333709716797,s3,Overhead
passed,0.00011367100523784757,1866692,"[57, 1, 31, 31, 5]",54,1.1920928955078125e-05,local,Overhead
passed,0.0015463609888684005,1866692,"[57, 1, 31, 31, 5]",54,0.0014185905456542969,http,Overhead
passed,0.010086179012432694,1866692,"[57, 1, 31, 31, 5]",54,0.009904146194458008,s3,Overhead
passed,0.00035483698593452573,2377836,"[73, 1, 19, 4, 13]",55,4.863739013671875e-05,local,Overhead
passed,0.001368277007713914,2377836,"[73, 1, 19, 4, 13]",55,0.001062631607055664,http,Overhead
passed,0.01112679101061076,2377836,"[73, 1, 19, 4, 13]",55,0.010947704315185547,s3,Overhead
passed,0.00011149898637086153,545617,"[17, 1, 21, 27, 18]",56,1.1920928955078125e-05,local,Overhead
passed,0.0012141419865656644,545617,"[17, 1, 21, 27, 18]",56,0.0010914802551269531,http,Overhead
passed,0.010061313019832596,545617,"[17, 1, 21, 27, 18]",56,0.009906291961669922,s3,Overhead
passed,0.000110417022369802,709995,"[22, 1, 22, 12, 12]",57,1.1682510375976562e-05,local,Overhead
passed,0.001088076998712495,709995,"[22, 1, 22, 12, 12]",57,0.0009620189666748047,http,Overhead
passed,0.010958533006487414,709995,"[22, 1, 22, 12, 12]",57,0.010649919509887695,s3,Overhead
passed,0.00011996200191788375,770509,"[24, 1, 17, 15, 14]",58,1.1682510375976562e-05,local,Overhead
passed,0.0011801270011346787,770509,"[24, 1, 17, 15, 14]",58,0.00106048583984375,http,Overhead
passed,0.039378073008265346,770509,"[24, 1, 17, 15, 14]",58,0.039177894592285156,s3,Overhead
passed,0.00021369699970819056,186757,"[6, 1, 23, 13, 6]",59,1.7881393432617188e-05,local,Overhead
passed,0.0010165230196435004,186757,"[6, 1, 23, 13, 6]",59,0.0008723735809326172,http,Overhead
passed,0.01036163599928841,186757,"[6, 1, 23, 13, 6]",59,0.01019740104675293,s3,Overhead
passed,0.00011415500193834305,2047231,"[63, 1, 16, 8, 32]",60,1.2159347534179688e-05,local,Overhead
passed,0.0039049930055625737,2047231,"[63, 1, 16, 8, 32]",60,0.003746509552001953,http,Overhead
passed,0.010235600988380611,2047231,"[63, 1, 16, 8, 32]",60,0.010060548782348633,s3,Overhead
passed,0.0001386179937981069,595890,"[19, 1, 6, 30, 19]",61,1.1920928955078125e-05,local,Overhead
passed,0.0013750159996561706,595890,"[19, 1, 6, 30, 19]",61,0.001245260238647461,http,Overhead
passed,0.01118701498489827,595890,"[19, 1, 6, 30, 19]",61,0.010994195938110352,s3,Overhead
passed,0.0001170559844467789,3032464,"[93, 1, 18, 13, 17]",62,1.1920928955078125e-05,local,Overhead
passed,0.0011701059993356466,3032464,"[93, 1, 18, 13, 17]",62,0.001039743423461914,http,Overhead
passed,0.012115997989894822,3032464,"[93, 1, 18, 13, 17]",62,0.01193094253540039,s3,Overhead
passed,0.00012019797577522695,729225,"[23, 1, 9, 5, 10]",63,1.2159347534179688e-05,local,Overhead
passed,0.0012301969982217997,729225,"[23, 1, 9, 5, 10]",63,0.0011017322540283203,http,Overhead
passed,0.012462651007808745,729225,"[23, 1, 9, 5, 10]",63,0.012282609939575195,s3,Overhead
passed,0.0002021759864874184,2862515,"[88, 1, 12, 14, 20]",64,1.4543533325195312e-05,local,Overhead
passed,0.0011021469836123288,2862515,"[88, 1, 12, 14, 20]",64,0.0009715557098388672,http,Overhead
passed,0.011844363994896412,2862515,"[88, 1, 12, 14, 20]",64,0.011635541915893555,s3,Overhead
passed,0.00012042000889778137,257973,"[8, 1, 28, 30, 22]",65,1.239776611328125e-05,local,Overhead
passed,0.001144020992796868,257973,"[8, 1, 28, 30, 22]",65,0.0010256767272949219,http,Overhead
passed,0.01708317900192924,257973,"[8, 1, 28, 30, 22]",65,0.01657724380493164,s3,Overhead
passed,0.00021810198086313903,291401,"[9, 1, 29, 19, 10]",66,3.075599670410156e-05,local,Overhead
passed,0.0014101910055615008,291401,"[9, 1, 29, 19, 10]",66,0.001272439956665039,http,Overhead
passed,0.013722871983190998,291401,"[9, 1, 29, 19, 10]",66,0.013536453247070312,s3,Overhead
passed,0.00012262200471013784,3209045,"[98, 1, 30, 27, 22]",67,1.2874603271484375e-05,local,Overhead
passed,0.0014718840247951448,3209045,"[98, 1, 30, 27, 22]",67,0.0012881755828857422,http,Overhead
passed,0.011560690007172525,3209045,"[98, 1, 30, 27, 22]",67,0.011384248733520508,s3,Overhead
passed,0.00012291298480704427,823469,"[26, 1, 5, 6, 14]",68,1.239776611328125e-05,local,Overhead
passed,0.0011284979991614819,823469,"[26, 1, 5, 6, 14]",68,0.0010039806365966797,http,Overhead
passed,0.011434323008870706,823469,"[26, 1, 5, 6, 14]",68,0.011268854141235352,s3,Overhead
passed,0.00011643898324109614,1737496,"[54, 1, 1, 25, 25]",69,1.1682510375976562e-05,local,Overhead
passed,0.0013628960005007684,1737496,"[54, 1, 1, 25, 25]",69,0.001247406005859375,http,Overhead
passed,0.010174941009609029,1737496,"[54, 1, 1, 25, 25]",69,0.010015010833740234,s3,Overhead
passed,0.00011579500278457999,1832791,"[56, 1, 30, 27, 24]",70,1.3113021850585938e-05,local,Overhead
passed,0.001044320990331471,1832791,"[56, 1, 30, 27, 24]",70,0.0009291172027587891,http,Overhead
passed,0.010565479984506965,1832791,"[56, 1, 30, 27, 24]",70,0.010416269302368164,s3,Overhead
passed,0.00011280598118901253,2931883,"[90, 1, 16, 6, 12]",71,1.0967254638671875e-05,local,Overhead
passed,0.0017721699841786176,2931883,"[90, 1, 16, 6, 12]",71,0.0016527175903320312,http,Overhead
passed,0.011033119983039796,2931883,"[90, 1, 16, 6, 12]",71,0.010871171951293945,s3,Overhead
passed,0.00011886600987054408,1991385,"[61, 1, 25, 23, 26]",72,1.3113021850585938e-05,local,Overhead
passed,0.0011229650117456913,1991385,"[61, 1, 25, 23, 26]",72,0.000997304916381836,http,Overhead
passed,0.010057976993266493,1991385,"[61, 1, 25, 23, 26]",72,0.009915828704833984,s3,Overhead
passed,0.00011672999244183302,1369764,"[42, 1, 26, 22, 5]",73,1.1920928955078125e-05,local,Overhead
passed,0.001234594004927203,1369764,"[42, 1, 26, 22, 5]",73,0.001115560531616211,http,Overhead
passed,0.011696224013576284,1369764,"[42, 1, 26, 22, 5]",73,0.011506795883178711,s3,Overhead
passed,0.00011862299288623035,2007625,"[62, 1, 9, 19, 10]",74,1.2159347534179688e-05,local,Overhead
passed,0.0010262290015816689,2007625,"[62, 1, 9, 19, 10]",74,0.0009026527404785156,http,Overhead
passed,0.012380768021102995,2007625,"[62, 1, 9, 19, 10]",74,0.012218952178955078,s3,Overhead
passed,0.00011588202323764563,1225235,"[38, 1, 13, 17, 20]",75,1.1682510375976562e-05,local,Overhead
passed,0.0012714859913103282,1225235,"[38, 1, 13, 17, 20]",75,0.0011565685272216797,http,Overhead
passed,0.010030242992797866,1225235,"[38, 1, 13, 17, 20]",75,0.009870529174804688,s3,Overhead
passed,0.00011333799920976162,544658,"[17, 1, 20, 29, 19]",76,1.1444091796875e-05,local,Overhead
passed,0.0009987550147343427,544658,"[17, 1, 20, 29, 19]",76,0.0008821487426757812,http,Overhead
passed,0.010951091011520475,544658,"[17, 1, 20, 29, 19]",76,0.010788679122924805,s3,Overhead
passed,0.00011537500540725887,1395063,"[43, 1, 19, 12, 24]",77,1.1682510375976562e-05,local,Overhead
passed,0.0010982509993482381,1395063,"[43, 1, 19, 12, 24]",77,0.0009784698486328125,http,Overhead
passed,0.010588441014988348,1395063,"[43, 1, 19, 12, 24]",77,0.010432958602905273,s3,Overhead
passed,0.00012834699009545147,2586948,"[79, 1, 31, 11, 5]",78,1.2636184692382812e-05,local,Overhead
passed,0.0009900419972836971,2586948,"[79, 1, 31, 11, 5]",78,0.0008714199066162109,http,Overhead
passed,0.011302972998237237,2586948,"[79, 1, 31, 11, 5]",78,0.011135339736938477,s3,Overhead
passed,0.00011426000855863094,2964775,"[91, 1, 16, 10, 8]",79,1.1920928955078125e-05,local,Overhead
passed,0.0011026029824279249,2964775,"[91, 1, 16, 10, 8]",79,0.000982046127319336,http,Overhead
passed,0.010876302985707298,2964775,"[91, 1, 16, 10, 8]",79,0.010683298110961914,s3,Overhead
passed,0.00012104999041184783,1941062,"[60, 1, 8, 19, 7]",80,1.4066696166992188e-05,local,Overhead
passed,0.0011293480056338012,1941062,"[60, 1, 8, 19, 7]",80,0.0010089874267578125,http,Overhead
passed,0.01186446999781765,1941062,"[60, 1, 8, 19, 7]",80,0.011651754379272461,s3,Overhead
passed,0.00011957000242546201,381282,"[12, 1, 21, 12, 3]",81,1.3113021850585938e-05,local,Overhead
passed,0.0010816710127983242,381282,"[12, 1, 21, 12, 3]",81,0.0009431838989257812,http,Overhead
passed,0.011815692007075995,381282,"[12, 1, 21, 12, 3]",81,0.011636734008789062,s3,Overhead
passed,0.00014648199430666864,2017457,"[62, 1, 19, 6, 18]",82,1.3589859008789062e-05,local,Overhead
passed,0.00106032399344258,2017457,"[62, 1, 19, 6, 18]",82,0.0009357929229736328,http,Overhead
passed,0.011458880006102845,2017457,"[62, 1, 19, 6, 18]",82,0.011260747909545898,s3,Overhead
passed,0.0001185480214189738,1207895,"[37, 1, 28, 19, 24]",83,1.1444091796875e-05,local,Overhead
passed,0.00117029101238586,1207895,"[37, 1, 28, 19, 24]",83,0.001051187515258789,http,Overhead
passed,0.010460617981152609,1207895,"[37, 1, 28, 19, 24]",83,0.010265350341796875,s3,Overhead
passed,0.00012030400102958083,1204314,"[37, 1, 25, 3, 27]",84,1.2159347534179688e-05,local,Overhead
passed,0.0011827300186268985,1204314,"[37, 1, 25, 3, 27]",84,0.001064300537109375,http,Overhead
passed,0.011274994001723826,1204314,"[37, 1, 25, 3, 27]",84,0.011085033416748047,s3,Overhead
passed,0.00011910300236195326,1382332,"[43, 1, 6, 30, 29]",85,1.3113021850585938e-05,local,Overhead
passed,0.001429789001122117,1382332,"[43, 1, 6, 30, 29]",85,0.001308441162109375,http,Overhead
passed,0.009891105990391225,1382332,"[43, 1, 6, 30, 29]",85,0.009711503982543945,s3,Overhead
passed,0.00012254499597474933,1812041,"[56, 1, 10, 19, 10]",86,1.3828277587890625e-05,local,Overhead
passed,0.0013053180009592324,1812041,"[56, 1, 10, 19, 10]",86,0.001172780990600586,http,Overhead
passed,0.011355335009284317,1812041,"[56, 1, 10, 19, 10]",86,0.011163949966430664,s3,Overhead
passed,0.00011947599705308676,2375516,"[73, 1, 16, 27, 29]",87,1.1920928955078125e-05,local,Overhead
passed,0.001019880990497768,2375516,"[73, 1, 16, 27, 29]",87,0.0009014606475830078,http,Overhead
passed,0.011025086016161367,2375516,"[73, 1, 16, 27, 29]",87,0.010846614837646484,s3,Overhead
passed,0.00014048899174667895,1644993,"[51, 1, 7, 15, 2]",88,1.2636184692382812e-05,local,Overhead
passed,0.0011578139965422451,1644993,"[51, 1, 7, 15, 2]",88,0.001035928726196289,http,Overhead
passed,0.011240987980272621,1644993,"[51, 1, 7, 15, 2]",88,0.011023759841918945,s3,Overhead
passed,0.0001260839926544577,2612107,"[80, 1, 23, 29, 12]",89,1.3113021850585938e-05,local,Overhead
passed,0.0010587690048851073,2612107,"[80, 1, 23, 29, 12]",89,0.0009379386901855469,http,Overhead
passed,0.011522949003847316,2612107,"[80, 1, 23, 29, 12]",89,0.011350631713867188,s3,Overhead
passed,0.00012182097998447716,1576193,"[49, 1, 4, 9, 2]",90,1.1920928955078125e-05,local,Overhead
passed,0.0009639060008339584,1576193,"[49, 1, 4, 9, 2]",90,0.0008435249328613281,http,Overhead
passed,0.012497672985773534,1576193,"[49, 1, 4, 9, 2]",90,0.012299060821533203,s3,Overhead
passed,0.00011841801460832357,1872359,"[58, 1, 5, 16, 8]",91,1.2159347534179688e-05,local,Overhead
passed,0.001273075002245605,1872359,"[58, 1, 5, 16, 8]",91,0.0011565685272216797,http,Overhead
passed,0.012758499011397362,1872359,"[58, 1, 5, 16, 8]",91,0.012548685073852539,s3,Overhead
passed,0.00012136300210841,2596443,"[80, 1, 8, 19, 28]",92,1.239776611328125e-05,local,Overhead
passed,0.001029337989166379,2596443,"[80, 1, 8, 19, 28]",92,0.0009067058563232422,http,Overhead
passed,0.014333094004541636,2596443,"[80, 1, 8, 19, 28]",92,0.01410984992980957,s3,Overhead
passed,0.00012245000107213855,2250606,"[69, 1, 22, 28, 15]",93,1.2636184692382812e-05,local,Overhead
passed,0.0010060349886771291,2250606,"[69, 1, 22, 28, 15]",93,0.0008842945098876953,http,Overhead
passed,0.011388262995751575,2250606,"[69, 1, 22, 28, 15]",93,0.011215925216674805,s3,Overhead
passed,0.0001425280061084777,1799164,"[55, 1, 29, 32, 29]",94,1.3589859008789062e-05,local,Overhead
passed,0.0010153070033993572,1799164,"[55, 1, 29, 32, 29]",94,0.0008792877197265625,http,Overhead
passed,0.01127631199778989,1799164,"[55, 1, 29, 32, 29]",94,0.011101961135864258,s3,Overhead
passed,0.00013172801118344069,1806786,"[56, 1, 5, 15, 3]",95,1.33514404296875e-05,local,Overhead
passed,0.001269264001166448,1806786,"[56, 1, 5, 15, 3]",95,0.0011470317840576172,http,Overhead
passed,0.010850986000150442,1806786,"[56, 1, 5, 15, 3]",95,0.010675907135009766,s3,Overhead
passed,0.00012112999684177339,631525,"[20, 1, 9, 24, 6]",96,1.1444091796875e-05,local,Overhead
passed,0.0010932119912467897,631525,"[20, 1, 9, 24, 6]",96,0.0009546279907226562,http,Overhead
passed,0.010106631001690403,631525,"[20, 1, 9, 24, 6]",96,0.009917497634887695,s3,Overhead
passed,0.0001412590208929032,2837043,"[87, 1, 19, 18, 20]",97,1.4543533325195312e-05,local,Overhead
passed,0.0010335139813832939,2837043,"[87, 1, 19, 18, 20]",97,0.0009033679962158203,http,Overhead
passed,0.010867789998883381,2837043,"[87, 1, 19, 18, 20]",97,0.010680198669433594,s3,Overhead
passed,0.00012135598808526993,746416,"[23, 1, 25, 30, 17]",98,1.2636184692382812e-05,local,Overhead
passed,0.001051351020578295,746416,"[23, 1, 25, 30, 17]",98,0.0009248256683349609,http,Overhead
passed,0.01412705599796027,746416,"[23, 1, 25, 30, 17]",98,0.013923883438110352,s3,Overhead
passed,0.0001236440148204565,379642,"[12, 1, 19, 24, 27]",99,1.2159347534179688e-05,local,Overhead
passed,0.004255808977177367,379642,"[12, 1, 19, 24, 27]",99,0.004117250442504883,http,Overhead
passed,0.03129761398304254,379642,"[12, 1, 19, 24, 27]",99,0.031070470809936523,s3,Overhead
passed,0.008900421002181247,2986282,"[92, 1, 5, 10, 11]",0,0.008695125579833984,local,Zarr
passed,0.009173167985863984,2986282,"[92, 1, 5, 10, 11]",0,0.008974790573120117,http,Zarr
passed,0.1051302760024555,2986282,"[92, 1, 5, 10, 11]",0,0.1049039363861084,s3,Zarr
passed,0.007599713979288936,258041,"[8, 1, 28, 32, 26]",1,0.0074388980865478516,local,Zarr
passed,0.015019256010418758,258041,"[8, 1, 28, 32, 26]",1,0.014838695526123047,http,Zarr
passed,0.09538701898418367,258041,"[8, 1, 28, 32, 26]",1,0.09517431259155273,s3,Zarr
passed,0.0078046130074653774,1873966,"[58, 1, 7, 2, 15]",2,0.007662296295166016,local,Zarr
passed,0.013195532985264435,1873966,"[58, 1, 7, 2, 15]",2,0.013019323348999023,http,Zarr
passed,0.10422953599481843,1873966,"[58, 1, 7, 2, 15]",2,0.10401582717895508,s3,Zarr
passed,0.007710910023888573,668415,"[21, 1, 13, 24, 32]",3,0.00756525993347168,local,Zarr
passed,0.008521440991898999,668415,"[21, 1, 13, 24, 32]",3,0.008359432220458984,http,Zarr
passed,0.09282050799811259,668415,"[21, 1, 13, 24, 32]",3,0.09262251853942871,s3,Zarr
passed,0.006119669997133315,713168,"[22, 1, 25, 15, 17]",4,0.0059528350830078125,local,Zarr
passed,0.00967221800237894,713168,"[22, 1, 25, 15, 17]",4,0.009503602981567383,http,Zarr
passed,0.08441696999943815,713168,"[22, 1, 25, 15, 17]",4,0.08421468734741211,s3,Zarr
passed,0.006500048009911552,3182920,"[98, 1, 5, 11, 9]",5,0.006353616714477539,local,Zarr
passed,0.0225160600093659,3182920,"[98, 1, 5, 11, 9]",5,0.022304534912109375,http,Zarr
passed,0.0886207339935936,3182920,"[98, 1, 5, 11, 9]",5,0.08839797973632812,s3,Zarr
passed,0.006456047995015979,2326174,"[71, 1, 32, 21, 31]",6,0.006310462951660156,local,Zarr
passed,0.022842701990157366,2326174,"[71, 1, 32, 21, 31]",6,0.022632360458374023,http,Zarr
passed,0.10396897798636928,2326174,"[71, 1, 32, 21, 31]",6,0.10375022888183594,s3,Zarr
passed,0.005972807994112372,949378,"[29, 1, 32, 5, 3]",7,0.005827188491821289,local,Zarr
passed,0.009523112006718293,949378,"[29, 1, 32, 5, 3]",7,0.009364128112792969,http,Zarr
passed,0.08593248401302844,949378,"[29, 1, 32, 5, 3]",7,0.08570623397827148,s3,Zarr
passed,0.006069547001970932,2344097,"[72, 1, 18, 6, 2]",8,0.005908489227294922,local,Zarr
passed,0.014809929009061307,2344097,"[72, 1, 18, 6, 2]",8,0.014617919921875,http,Zarr
passed,0.09219994899467565,2344097,"[72, 1, 18, 6, 2]",8,0.0919945240020752,s3,Zarr
passed,0.006926207977812737,1991004,"[61, 1, 25, 11, 29]",9,0.0067746639251708984,local,Zarr
passed,0.03085863500018604,1991004,"[61, 1, 25, 11, 29]",9,0.030640363693237305,http,Zarr
passed,0.1077688570076134,1991004,"[61, 1, 25, 11, 29]",9,0.10754704475402832,s3,Zarr
passed,0.007101408002199605,3083539,"[95, 1, 4, 9, 20]",10,0.006922483444213867,local,Zarr
passed,0.01197537500411272,3083539,"[95, 1, 4, 9, 20]",10,0.011755228042602539,http,Zarr
passed,0.09558432499761693,3083539,"[95, 1, 4, 9, 20]",10,0.09520244598388672,s3,Zarr
passed,0.006945296976482496,1303119,"[40, 1, 25, 19, 16]",11,0.006783246994018555,local,Zarr
passed,0.018660062982235104,1303119,"[40, 1, 25, 19, 16]",11,0.018464326858520508,http,Zarr
passed,0.09276686797966249,1303119,"[40, 1, 25, 19, 16]",11,0.09256958961486816,s3,Zarr
passed,0.005757176986662671,1775842,"[55, 1, 7, 8, 3]",12,0.005610942840576172,local,Zarr
passed,0.01267572698998265,1775842,"[55, 1, 7, 8, 3]",12,0.012470006942749023,http,Zarr
passed,0.09362825899734162,1775842,"[55, 1, 7, 8, 3]",12,0.09325218200683594,s3,Zarr
passed,0.006055521022062749,1145654,"[35, 1, 31, 26, 23]",13,0.005879878997802734,local,Zarr
passed,0.010787003004224971,1145654,"[35, 1, 31, 26, 23]",13,0.010570049285888672,http,Zarr
passed,0.12722216101246886,1145654,"[35, 1, 31, 26, 23]",13,0.12700176239013672,s3,Zarr
passed,0.007884342019679025,2800247,"[86, 1, 15, 20, 24]",14,0.007571220397949219,local,Zarr
passed,0.008634169003926218,2800247,"[86, 1, 15, 20, 24]",14,0.008439302444458008,http,Zarr
passed,0.08634894402348436,2800247,"[86, 1, 15, 20, 24]",14,0.08599162101745605,s3,Zarr
passed,0.004862767003942281,3111573,"[95, 1, 31, 21, 22]",15,0.004703044891357422,local,Zarr
passed,0.010372847988037392,3111573,"[95, 1, 31, 21, 22]",15,0.010169506072998047,http,Zarr
passed,0.1309095800097566,3111573,"[95, 1, 31, 21, 22]",15,0.1306924819946289,s3,Zarr
passed,0.010456228017574176,2462906,"[76, 1, 6, 6, 27]",16,0.010240554809570312,local,Zarr
passed,0.007456497987732291,2462906,"[76, 1, 6, 6, 27]",16,0.00722503662109375,http,Zarr
passed,0.09619383601238951,2462906,"[76, 1, 6, 6, 27]",16,0.09597373008728027,s3,Zarr
passed,0.006918928003869951,2405099,"[74, 1, 13, 24, 12]",17,0.006695985794067383,local,Zarr
passed,0.010031217010691762,2405099,"[74, 1, 13, 24, 12]",17,0.00981283187866211,http,Zarr
passed,0.10234514798503369,2405099,"[74, 1, 13, 24, 12]",17,0.10212492942810059,s3,Zarr
passed,0.0048928049800451845,228096,"[7, 1, 31, 25, 1]",18,0.00464940071105957,local,Zarr
passed,0.008462486992357299,228096,"[7, 1, 31, 25, 1]",18,0.008232593536376953,http,Zarr
passed,0.09332852301304229,228096,"[7, 1, 31, 25, 1]",18,0.09309792518615723,s3,Zarr
passed,0.005354000022634864,2175078,"[67, 1, 13, 4, 7]",19,0.0051839351654052734,local,Zarr
passed,0.010460393008543178,2175078,"[67, 1, 13, 4, 7]",19,0.01023554801940918,http,Zarr
passed,0.1150522279785946,2175078,"[67, 1, 13, 4, 7]",19,0.11471867561340332,s3,Zarr
passed,0.010275651991833001,2398228,"[74, 1, 7, 1, 21]",20,0.010062456130981445,local,Zarr
passed,0.010050452983705327,2398228,"[74, 1, 7, 1, 21]",20,0.009825944900512695,http,Zarr
passed,0.09378897599526681,2398228,"[74, 1, 7, 1, 21]",20,0.09355616569519043,s3,Zarr
passed,0.006814886990468949,2297540,"[71, 1, 4, 23, 5]",21,0.006642341613769531,local,Zarr
passed,0.012381463020574301,2297540,"[71, 1, 4, 23, 5]",21,0.012151718139648438,http,Zarr
passed,0.10457004900672473,2297540,"[71, 1, 4, 23, 5]",21,0.10426998138427734,s3,Zarr
passed,0.007770030992105603,502985,"[16, 1, 12, 7, 10]",22,0.0075550079345703125,local,Zarr
passed,0.012355961982393637,502985,"[16, 1, 12, 7, 10]",22,0.012125253677368164,http,Zarr
passed,0.16418441099813208,502985,"[16, 1, 12, 7, 10]",22,0.1639573574066162,s3,Zarr
passed,0.005532779003260657,1869079,"[58, 1, 2, 9, 24]",23,0.005316972732543945,local,Zarr
passed,0.054797108983621,1869079,"[58, 1, 2, 9, 24]",23,0.054527997970581055,http,Zarr
passed,0.09074002297711559,1869079,"[58, 1, 2, 9, 24]",23,0.09052467346191406,s3,Zarr
passed,0.008066216018050909,1012325,"[31, 1, 29, 20, 6]",24,0.007905244827270508,local,Zarr
passed,0.005334232992026955,1012325,"[31, 1, 29, 20, 6]",24,0.005144357681274414,http,Zarr
passed,0.0960960699885618,1012325,"[31, 1, 29, 20, 6]",24,0.09588122367858887,s3,Zarr
passed,0.005989149998640642,2162166,"[66, 1, 32, 16, 23]",25,0.0058400630950927734,local,Zarr
passed,0.030745087016839534,2162166,"[66, 1, 32, 16, 23]",25,0.030529260635375977,http,Zarr
passed,0.10298909302218817,2162166,"[66, 1, 32, 16, 23]",25,0.10275983810424805,s3,Zarr
passed,0.0047085940022952855,950012,"[29, 1, 32, 24, 29]",26,0.004518747329711914,local,Zarr
passed,0.00640919100260362,950012,"[29, 1, 32, 24, 29]",26,0.0062122344970703125,http,Zarr
passed,0.08526694600004703,950012,"[29, 1, 32, 24, 29]",26,0.0850214958190918,s3,Zarr
passed,0.005798515019705519,255507,"[8, 1, 26, 17, 20]",27,0.005650997161865234,local,Zarr
passed,0.009874644980300218,255507,"[8, 1, 26, 17, 20]",27,0.009697675704956055,http,Zarr
passed,0.1238490880059544,255507,"[8, 1, 26, 17, 20]",27,0.12354278564453125,s3,Zarr
passed,0.005128884018631652,2812195,"[86, 1, 27, 10, 4]",28,0.00496673583984375,local,Zarr
passed,0.013056179013801739,2812195,"[86, 1, 27, 10, 4]",28,0.012418746948242188,http,Zarr
passed,0.09946055500768125,2812195,"[86, 1, 27, 10, 4]",28,0.09923601150512695,s3,Zarr
passed,0.05218018899904564,2767354,"[85, 1, 15, 16, 27]",29,0.05196952819824219,local,Zarr
passed,0.06020199801423587,2767354,"[85, 1, 15, 16, 27]",29,0.05995368957519531,http,Zarr
passed,0.10607447699294426,2767354,"[85, 1, 15, 16, 27]",29,0.1058509349822998,s3,Zarr
passed,0.008480154996505007,1814153,"[56, 1, 12, 21, 10]",30,0.008280515670776367,local,Zarr
passed,0.010379273007856682,1814153,"[56, 1, 12, 21, 10]",30,0.010154008865356445,http,Zarr
passed,0.09628131601493806,1814153,"[56, 1, 12, 21, 10]",30,0.09605526924133301,s3,Zarr
passed,0.0037954039871692657,2469603,"[76, 1, 12, 24, 4]",31,0.0036122798919677734,local,Zarr
passed,0.01006944800610654,2469603,"[76, 1, 12, 24, 4]",31,0.00984334945678711,http,Zarr
passed,0.08939624900813214,2469603,"[76, 1, 12, 24, 4]",31,0.08917450904846191,s3,Zarr
passed,0.021474599983775988,1613452,"[50, 1, 8, 21, 13]",32,0.021250009536743164,local,Zarr
passed,0.009900953999022022,1613452,"[50, 1, 8, 21, 13]",32,0.0096893310546875,http,Zarr
passed,0.10774057000526227,1613452,"[50, 1, 8, 21, 13]",32,0.1075124740600586,s3,Zarr
passed,0.005670437996741384,3159233,"[97, 1, 14, 7, 2]",33,0.005438327789306641,local,Zarr
passed,0.010611075995257124,3159233,"[97, 1, 14, 7, 2]",33,0.010311126708984375,http,Zarr
passed,0.10322928198729642,3159233,"[97, 1, 14, 7, 2]",33,0.10294914245605469,s3,Zarr
passed,0.008508672995958477,130177,"[4, 1, 32, 5, 2]",34,0.008320093154907227,local,Zarr
passed,0.02161912599694915,130177,"[4, 1, 32, 5, 2]",34,0.02138805389404297,http,Zarr
passed,0.11803257398423739,130177,"[4, 1, 32, 5, 2]",34,0.1177978515625,s3,Zarr
passed,0.00804977398365736,1384659,"[43, 1, 9, 7, 20]",35,0.00783991813659668,local,Zarr
passed,0.010476761002792045,1384659,"[43, 1, 9, 7, 20]",35,0.010202646255493164,http,Zarr
passed,0.10701059899292886,1384659,"[43, 1, 9, 7, 20]",35,0.10675811767578125,s3,Zarr
passed,0.006329847994493321,2246412,"[69, 1, 18, 25, 13]",36,0.006142854690551758,local,Zarr
passed,0.01911334300530143,2246412,"[69, 1, 18, 25, 13]",36,0.018863201141357422,http,Zarr
passed,0.09649439400527626,2246412,"[69, 1, 18, 25, 13]",36,0.09625697135925293,s3,Zarr
passed,0.012339512002654374,3206348,"[98, 1, 28, 7, 13]",37,0.012128591537475586,local,Zarr
passed,0.019167132006259635,3206348,"[98, 1, 28, 7, 13]",37,0.018888235092163086,http,Zarr
passed,0.096915923000779,3206348,"[98, 1, 28, 7, 13]",37,0.09668087959289551,s3,Zarr
passed,0.008350297983270139,2282919,"[70, 1, 22, 14, 8]",38,0.00812220573425293,local,Zarr
passed,0.008715823001693934,2282919,"[70, 1, 22, 14, 8]",38,0.008459329605102539,http,Zarr
passed,0.11568019600235857,2282919,"[70, 1, 22, 14, 8]",38,0.11544561386108398,s3,Zarr
passed,0.00755877498886548,1685171,"[52, 1, 14, 22, 20]",39,0.00719141960144043,local,Zarr
passed,0.016613629006315023,1685171,"[52, 1, 14, 22, 20]",39,0.016247034072875977,http,Zarr
passed,0.0952960489958059,1685171,"[52, 1, 14, 22, 20]",39,0.0950629711151123,s3,Zarr
passed,0.004891151998890564,947123,"[29, 1, 29, 30, 20]",40,0.004724979400634766,local,Zarr
passed,0.014010082988534123,947123,"[29, 1, 29, 30, 20]",40,0.01378178596496582,http,Zarr
passed,0.10468296401086263,947123,"[29, 1, 29, 30, 20]",40,0.10446453094482422,s3,Zarr
passed,0.005157984007382765,1763808,"[54, 1, 27, 16, 1]",41,0.004965305328369141,local,Zarr
passed,0.01582134998170659,1763808,"[54, 1, 27, 16, 1]",41,0.015609264373779297,http,Zarr
passed,0.11019404800026678,1763808,"[54, 1, 27, 16, 1]",41,0.10998368263244629,s3,Zarr
passed,0.0062458809989038855,3100336,"[95, 1, 20, 22, 17]",42,0.0060846805572509766,local,Zarr
passed,0.008768580999458209,3100336,"[95, 1, 20, 22, 17]",42,0.008582353591918945,http,Zarr
passed,0.10592013597488403,3100336,"[95, 1, 20, 22, 17]",42,0.10569953918457031,s3,Zarr
passed,0.006623107008635998,26731,"[1, 1, 27, 4, 12]",43,0.006445407867431641,local,Zarr
passed,0.0071056179876904935,26731,"[1, 1, 27, 4, 12]",43,0.006911754608154297,http,Zarr
passed,0.10932896402664483,26731,"[1, 1, 27, 4, 12]",43,0.10910892486572266,s3,Zarr
passed,0.004959589976351708,998221,"[31, 1, 15, 27, 14]",44,0.004770755767822266,local,Zarr
passed,0.0059283520095050335,998221,"[31, 1, 15, 27, 14]",44,0.005750894546508789,http,Zarr
passed,0.10583624200080521,998221,"[31, 1, 15, 27, 14]",44,0.10561895370483398,s3,Zarr
passed,0.008625226008007303,2271213,"[70, 1, 10, 32, 14]",45,0.008419275283813477,local,Zarr
passed,0.008682952990056947,2271213,"[70, 1, 10, 32, 14]",45,0.008402585983276367,http,Zarr
passed,0.09810219600331038,2271213,"[70, 1, 10, 32, 14]",45,0.09786820411682129,s3,Zarr
passed,0.007552596012828872,439928,"[14, 1, 14, 20, 25]",46,0.007201194763183594,local,Zarr
passed,0.009603251004591584,439928,"[14, 1, 14, 20, 25]",46,0.009320974349975586,http,Zarr
passed,0.09282313100993633,439928,"[14, 1, 14, 20, 25]",46,0.09260272979736328,s3,Zarr
passed,0.011978007009020075,2041029,"[63, 1, 10, 7, 6]",47,0.011771678924560547,local,Zarr
passed,0.006880408007418737,2041029,"[63, 1, 10, 7, 6]",47,0.006469249725341797,http,Zarr
passed,0.1006793410051614,2041029,"[63, 1, 10, 7, 6]",47,0.10045433044433594,s3,Zarr
passed,0.006192893983097747,2618125,"[80, 1, 29, 25, 14]",48,0.005999326705932617,local,Zarr
passed,0.016843395977048203,2618125,"[80, 1, 29, 25, 14]",48,0.01651930809020996,http,Zarr
passed,0.09606607598834671,2618125,"[80, 1, 29, 25, 14]",48,0.09583926200866699,s3,Zarr
passed,0.0384806570073124,2885810,"[89, 1, 3, 6, 19]",49,0.03826308250427246,local,Zarr
passed,0.009870368026895449,2885810,"[89, 1, 3, 6, 19]",49,0.009623289108276367,http,Zarr
passed,0.09104841001681052,2885810,"[89, 1, 3, 6, 19]",49,0.09076881408691406,s3,Zarr
passed,0.008102091000182554,934328,"[29, 1, 17, 14, 25]",50,0.007871389389038086,local,Zarr
passed,0.016414285986684263,934328,"[29, 1, 17, 14, 25]",50,0.01607966423034668,http,Zarr
passed,0.09477665499434806,934328,"[29, 1, 17, 14, 25]",50,0.09455609321594238,s3,Zarr
passed,0.005830019013956189,1163571,"[36, 1, 17, 10, 20]",51,0.00565648078918457,local,Zarr
passed,0.014342745998874307,1163571,"[36, 1, 17, 10, 20]",51,0.014116287231445312,http,Zarr
passed,0.10365046098013408,1163571,"[36, 1, 17, 10, 20]",51,0.10341835021972656,s3,Zarr
passed,0.0039645039942115545,688931,"[22, 1, 1, 26, 4]",52,0.0038001537322998047,local,Zarr
passed,0.011346943996613845,688931,"[22, 1, 1, 26, 4]",52,0.011108160018920898,http,Zarr
passed,0.15417407100903802,688931,"[22, 1, 1, 26, 4]",52,0.15394878387451172,s3,Zarr
passed,0.0034884650085587054,2134435,"[66, 1, 5, 14, 4]",53,0.003330230712890625,local,Zarr
passed,0.006563600996742025,2134435,"[66, 1, 5, 14, 4]",53,0.006380558013916016,http,Zarr
passed,0.08892468697740696,2134435,"[66, 1, 5, 14, 4]",53,0.08870625495910645,s3,Zarr
passed,0.007026904000667855,1866692,"[57, 1, 31, 31, 5]",54,0.006846189498901367,local,Zarr
passed,0.009884826984489337,1866692,"[57, 1, 31, 31, 5]",54,0.009650230407714844,http,Zarr
passed,0.08938411599956453,1866692,"[57, 1, 31, 31, 5]",54,0.08916306495666504,s3,Zarr
passed,0.02343008798197843,2377836,"[73, 1, 19, 4, 13]",55,0.023226022720336914,local,Zarr
passed,0.011759882007027045,2377836,"[73, 1, 19, 4, 13]",55,0.01153564453125,http,Zarr
passed,0.09594997999374755,2377836,"[73, 1, 19, 4, 13]",55,0.09562563896179199,s3,Zarr
passed,0.005689679994247854,545617,"[17, 1, 21, 27, 18]",56,0.005459785461425781,local,Zarr
passed,0.010167916014324874,545617,"[17, 1, 21, 27, 18]",56,0.009930610656738281,http,Zarr
passed,0.10358503099996597,545617,"[17, 1, 21, 27, 18]",56,0.10335731506347656,s3,Zarr
passed,0.01719316898379475,709995,"[22, 1, 22, 12, 12]",57,0.01696467399597168,local,Zarr
passed,0.00891453999793157,709995,"[22, 1, 22, 12, 12]",57,0.008692741394042969,http,Zarr
passed,0.09502053400501609,709995,"[22, 1, 22, 12, 12]",57,0.09480166435241699,s3,Zarr
passed,0.008118614001432434,770509,"[24, 1, 17, 15, 14]",58,0.007940053939819336,local,Zarr
passed,0.009225816000252962,770509,"[24, 1, 17, 15, 14]",58,0.009060382843017578,http,Zarr
passed,0.0918510039919056,770509,"[24, 1, 17, 15, 14]",58,0.09165096282958984,s3,Zarr
passed,0.005564174003666267,186757,"[6, 1, 23, 13, 6]",59,0.005405902862548828,local,Zarr
passed,0.010129105008672923,186757,"[6, 1, 23, 13, 6]",59,0.009920358657836914,http,Zarr
passed,0.0929488499823492,186757,"[6, 1, 23, 13, 6]",59,0.0927281379699707,s3,Zarr
passed,0.005870444001629949,2047231,"[63, 1, 16, 8, 32]",60,0.00570225715637207,local,Zarr
passed,0.009337892988696694,2047231,"[63, 1, 16, 8, 32]",60,0.009157657623291016,http,Zarr
passed,0.09441394900204614,2047231,"[63, 1, 16, 8, 32]",60,0.09419512748718262,s3,Zarr
passed,0.007122035982320085,595890,"[19, 1, 6, 30, 19]",61,0.006961822509765625,local,Zarr
passed,0.010856848006369546,595890,"[19, 1, 6, 30, 19]",61,0.010605096817016602,http,Zarr
passed,0.08601058201747946,595890,"[19, 1, 6, 30, 19]",61,0.08580398559570312,s3,Zarr
passed,0.00791440301691182,3032464,"[93, 1, 18, 13, 17]",62,0.007750034332275391,local,Zarr
passed,0.013578142010373995,3032464,"[93, 1, 18, 13, 17]",62,0.013255834579467773,http,Zarr
passed,0.097009049000917,3032464,"[93, 1, 18, 13, 17]",62,0.09679341316223145,s3,Zarr
passed,0.014792351983487606,729225,"[23, 1, 9, 5, 10]",63,0.014606237411499023,local,Zarr
passed,0.011966980993747711,729225,"[23, 1, 9, 5, 10]",63,0.011800765991210938,http,Zarr
passed,0.10940596699947491,729225,"[23, 1, 9, 5, 10]",63,0.10917043685913086,s3,Zarr
passed,0.006073433003621176,2862515,"[88, 1, 12, 14, 20]",64,0.0059320926666259766,local,Zarr
passed,0.00782939197961241,2862515,"[88, 1, 12, 14, 20]",64,0.007686138153076172,http,Zarr
passed,0.095737208990613,2862515,"[88, 1, 12, 14, 20]",64,0.0955357551574707,s3,Zarr
passed,0.003965923999203369,257973,"[8, 1, 28, 30, 22]",65,0.0038123130798339844,local,Zarr
passed,0.005643776006763801,257973,"[8, 1, 28, 30, 22]",65,0.005479335784912109,http,Zarr
passed,0.09090436299447902,257973,"[8, 1, 28, 30, 22]",65,0.09071040153503418,s3,Zarr
passed,0.005343180004274473,291401,"[9, 1, 29, 19, 10]",66,0.005174160003662109,local,Zarr
passed,0.0096838140161708,291401,"[9, 1, 29, 19, 10]",66,0.00953364372253418,http,Zarr
passed,0.08350926998537034,291401,"[9, 1, 29, 19, 10]",66,0.08331465721130371,s3,Zarr
passed,0.00431380097870715,3209045,"[98, 1, 30, 27, 22]",67,0.004152774810791016,local,Zarr
passed,0.009939670009771362,3209045,"[98, 1, 30, 27, 22]",67,0.009751319885253906,http,Zarr
passed,0.07752650900511071,3209045,"[98, 1, 30, 27, 22]",67,0.07729148864746094,s3,Zarr
passed,0.007601112010888755,823469,"[26, 1, 5, 6, 14]",68,0.00745081901550293,local,Zarr
passed,0.010113069001818076,823469,"[26, 1, 5, 6, 14]",68,0.009954214096069336,http,Zarr
passed,0.08274143899325281,823469,"[26, 1, 5, 6, 14]",68,0.08252263069152832,s3,Zarr
passed,0.005521026003407314,1737496,"[54, 1, 1, 25, 25]",69,0.005360603332519531,local,Zarr
passed,0.009359474992379546,1737496,"[54, 1, 1, 25, 25]",69,0.009159088134765625,http,Zarr
passed,0.11328993699862622,1737496,"[54, 1, 1, 25, 25]",69,0.11307716369628906,s3,Zarr
passed,0.0048662830085959285,1832791,"[56, 1, 30, 27, 24]",70,0.004709482192993164,local,Zarr
passed,0.03565477402298711,1832791,"[56, 1, 30, 27, 24]",70,0.03540301322937012,http,Zarr
passed,0.11013275998993777,1832791,"[56, 1, 30, 27, 24]",70,0.10992789268493652,s3,Zarr
passed,0.007219875988084823,2931883,"[90, 1, 16, 6, 12]",71,0.007055759429931641,local,Zarr
passed,0.04215084100724198,2931883,"[90, 1, 16, 6, 12]",71,0.0419161319732666,http,Zarr
passed,0.09627121200901456,2931883,"[90, 1, 16, 6, 12]",71,0.09601163864135742,s3,Zarr
passed,0.004481267009396106,1991385,"[61, 1, 25, 23, 26]",72,0.004307985305786133,local,Zarr
passed,0.008921583998017013,1991385,"[61, 1, 25, 23, 26]",72,0.008742570877075195,http,Zarr
passed,0.09296290299971588,1991385,"[61, 1, 25, 23, 26]",72,0.09274744987487793,s3,Zarr
passed,0.006819412024924532,1369764,"[42, 1, 26, 22, 5]",73,0.006648540496826172,local,Zarr
passed,0.009060745011083782,1369764,"[42, 1, 26, 22, 5]",73,0.008878469467163086,http,Zarr
passed,0.08360878398525529,1369764,"[42, 1, 26, 22, 5]",73,0.08333969116210938,s3,Zarr
passed,0.010192070010816678,2007625,"[62, 1, 9, 19, 10]",74,0.010024309158325195,local,Zarr
passed,0.009395019995281473,2007625,"[62, 1, 9, 19, 10]",74,0.009224414825439453,http,Zarr
passed,0.09621394699206576,2007625,"[62, 1, 9, 19, 10]",74,0.09597945213317871,s3,Zarr
passed,0.005807343986816704,1225235,"[38, 1, 13, 17, 20]",75,0.005660057067871094,local,Zarr
passed,0.010868713987292722,1225235,"[38, 1, 13, 17, 20]",75,0.01068258285522461,http,Zarr
passed,0.11700936598936096,1225235,"[38, 1, 13, 17, 20]",75,0.11679720878601074,s3,Zarr
passed,0.00603140500606969,544658,"[17, 1, 20, 29, 19]",76,0.005870342254638672,local,Zarr
passed,0.009726687974762172,544658,"[17, 1, 20, 29, 19]",76,0.009539365768432617,http,Zarr
passed,0.09654916101135314,544658,"[17, 1, 20, 29, 19]",76,0.09623479843139648,s3,Zarr
passed,0.004313144978368655,1395063,"[43, 1, 19, 12, 24]",77,0.0041654109954833984,local,Zarr
passed,0.020819840021431446,1395063,"[43, 1, 19, 12, 24]",77,0.020588397979736328,http,Zarr
passed,0.09837276898906566,1395063,"[43, 1, 19, 12, 24]",77,0.09815382957458496,s3,Zarr
passed,0.005029813997680321,2586948,"[79, 1, 31, 11, 5]",78,0.004878997802734375,local,Zarr
passed,0.010042415000498295,2586948,"[79, 1, 31, 11, 5]",78,0.009828567504882812,http,Zarr
passed,0.09826252600760199,2586948,"[79, 1, 31, 11, 5]",78,0.09804272651672363,s3,Zarr
passed,0.005004000995540991,2964775,"[91, 1, 16, 10, 8]",79,0.0048372745513916016,local,Zarr
passed,0.00899048600695096,2964775,"[91, 1, 16, 10, 8]",79,0.008792638778686523,http,Zarr
passed,0.08525920799002051,2964775,"[91, 1, 16, 10, 8]",79,0.08498597145080566,s3,Zarr
passed,0.005811338021885604,1941062,"[60, 1, 8, 19, 7]",80,0.005666255950927734,local,Zarr
passed,0.01241479700547643,1941062,"[60, 1, 8, 19, 7]",80,0.012242794036865234,http,Zarr
passed,0.091156962007517,1941062,"[60, 1, 8, 19, 7]",80,0.09094977378845215,s3,Zarr
passed,0.004666161024942994,381282,"[12, 1, 21, 12, 3]",81,0.004523038864135742,local,Zarr
passed,0.012295077001908794,381282,"[12, 1, 21, 12, 3]",81,0.012111186981201172,http,Zarr
passed,0.0806645049888175,381282,"[12, 1, 21, 12, 3]",81,0.08047032356262207,s3,Zarr
passed,0.006939877028344199,2017457,"[62, 1, 19, 6, 18]",82,0.006791114807128906,local,Zarr
passed,0.012657146988203749,2017457,"[62, 1, 19, 6, 18]",82,0.01249837875366211,http,Zarr
passed,0.12554998599807732,2017457,"[62, 1, 19, 6, 18]",82,0.12532782554626465,s3,Zarr
passed,0.004847864009207115,1207895,"[37, 1, 28, 19, 24]",83,0.004697084426879883,local,Zarr
passed,0.012719624006422237,1207895,"[37, 1, 28, 19, 24]",83,0.012563705444335938,http,Zarr
passed,0.09758071901160292,1207895,"[37, 1, 28, 19, 24]",83,0.09735751152038574,s3,Zarr
passed,0.0074333170196041465,1204314,"[37, 1, 25, 3, 27]",84,0.0072689056396484375,local,Zarr
passed,0.009248106012819335,1204314,"[37, 1, 25, 3, 27]",84,0.009081363677978516,http,Zarr
passed,0.11205342100583948,1204314,"[37, 1, 25, 3, 27]",84,0.1118462085723877,s3,Zarr
passed,0.003691624995553866,1382332,"[43, 1, 6, 30, 29]",85,0.0035524368286132812,local,Zarr
passed,0.01038857499952428,1382332,"[43, 1, 6, 30, 29]",85,0.010201454162597656,http,Zarr
passed,0.09117337997304276,1382332,"[43, 1, 6, 30, 29]",85,0.09095644950866699,s3,Zarr
passed,0.0023259019944816828,1812041,"[56, 1, 10, 19, 10]",86,0.0021774768829345703,local,Zarr
passed,0.01026168602402322,1812041,"[56, 1, 10, 19, 10]",86,0.010048389434814453,http,Zarr
passed,0.1281442470208276,1812041,"[56, 1, 10, 19, 10]",86,0.12792372703552246,s3,Zarr
passed,0.005068146012490615,2375516,"[73, 1, 16, 27, 29]",87,0.004918575286865234,local,Zarr
passed,0.009648842009482905,2375516,"[73, 1, 16, 27, 29]",87,0.00945591926574707,http,Zarr
passed,0.12102962500648573,2375516,"[73, 1, 16, 27, 29]",87,0.12081408500671387,s3,Zarr
passed,0.006381551007507369,1644993,"[51, 1, 7, 15, 2]",88,0.006231546401977539,local,Zarr
passed,0.017706373007968068,1644993,"[51, 1, 7, 15, 2]",88,0.0175168514251709,http,Zarr
passed,0.09324970899615437,1644993,"[51, 1, 7, 15, 2]",88,0.09305167198181152,s3,Zarr
passed,0.006009053002344444,2612107,"[80, 1, 23, 29, 12]",89,0.005830049514770508,local,Zarr
passed,0.009586697007762268,2612107,"[80, 1, 23, 29, 12]",89,0.009417295455932617,http,Zarr
passed,0.09805765200871974,2612107,"[80, 1, 23, 29, 12]",89,0.09785294532775879,s3,Zarr
passed,0.004651613999158144,1576193,"[49, 1, 4, 9, 2]",90,0.00450587272644043,local,Zarr
passed,0.008943219989305362,1576193,"[49, 1, 4, 9, 2]",90,0.008776664733886719,http,Zarr
passed,0.0885448949993588,1576193,"[49, 1, 4, 9, 2]",90,0.08831024169921875,s3,Zarr
passed,0.009838780999416485,1872359,"[58, 1, 5, 16, 8]",91,0.009636640548706055,local,Zarr
passed,0.016319204005412757,1872359,"[58, 1, 5, 16, 8]",91,0.016003131866455078,http,Zarr
passed,0.0880741490109358,1872359,"[58, 1, 5, 16, 8]",91,0.08785176277160645,s3,Zarr
passed,0.01786424999590963,2596443,"[80, 1, 8, 19, 28]",92,0.017660856246948242,local,Zarr
passed,0.011832420015707612,2596443,"[80, 1, 8, 19, 28]",92,0.011424779891967773,http,Zarr
passed,0.10721745199407451,2596443,"[80, 1, 8, 19, 28]",92,0.10684680938720703,s3,Zarr
passed,0.00596581501304172,2250606,"[69, 1, 22, 28, 15]",93,0.005730390548706055,local,Zarr
passed,0.009982910996768624,2250606,"[69, 1, 22, 28, 15]",93,0.009785890579223633,http,Zarr
passed,0.08766726200701669,2250606,"[69, 1, 22, 28, 15]",93,0.08744168281555176,s3,Zarr
passed,0.0051466349977999926,1799164,"[55, 1, 29, 32, 29]",94,0.004981517791748047,local,Zarr
passed,0.010827810008777305,1799164,"[55, 1, 29, 32, 29]",94,0.010530471801757812,http,Zarr
passed,0.09037150797666982,1799164,"[55, 1, 29, 32, 29]",94,0.09014582633972168,s3,Zarr
passed,0.0050024779920931906,1806786,"[56, 1, 5, 15, 3]",95,0.0048372745513916016,local,Zarr
passed,0.008463711012154818,1806786,"[56, 1, 5, 15, 3]",95,0.008263826370239258,http,Zarr
passed,0.1087895369855687,1806786,"[56, 1, 5, 15, 3]",95,0.10857677459716797,s3,Zarr
passed,0.008328672003699467,631525,"[20, 1, 9, 24, 6]",96,0.008044958114624023,local,Zarr
passed,0.04736578097799793,631525,"[20, 1, 9, 24, 6]",96,0.04712510108947754,http,Zarr
passed,0.08931862699682824,631525,"[20, 1, 9, 24, 6]",96,0.08889913558959961,s3,Zarr
passed,0.007446193980285898,2837043,"[87, 1, 19, 18, 20]",97,0.007274627685546875,local,Zarr
passed,0.009566585998982191,2837043,"[87, 1, 19, 18, 20]",97,0.009356975555419922,http,Zarr
passed,0.09557397899334319,2837043,"[87, 1, 19, 18, 20]",97,0.09491562843322754,s3,Zarr
passed,0.00599167900509201,746416,"[23, 1, 25, 30, 17]",98,0.005805492401123047,local,Zarr
passed,0.009859331999905407,746416,"[23, 1, 25, 30, 17]",98,0.009642839431762695,http,Zarr
passed,0.16216910700313747,746416,"[23, 1, 25, 30, 17]",98,0.16193366050720215,s3,Zarr
passed,0.005080748000182211,379642,"[12, 1, 19, 24, 27]",99,0.004877567291259766,local,Zarr
passed,0.007539167010691017,379642,"[12, 1, 19, 24, 27]",99,0.007314205169677734,http,Zarr
passed,0.1057011199882254,379642,"[12, 1, 19, 24, 27]",99,0.10546326637268066,s3,Zarr
passed,0.02034064699546434,2986282,"[92, 1, 5, 10, 11]",0,0.019986391067504883,local,HDF5
passed,0.4663774379878305,2986282,"[92, 1, 5, 10, 11]",0,0.466036319732666,http,HDF5
passed,2.4636675720103085,2986282,"[92, 1, 5, 10, 11]",0,2.4627797603607178,s3,HDF5
passed,0.002755319990683347,258041,"[8, 1, 28, 32, 26]",1,0.0026154518127441406,local,HDF5
passed,0.2586384819878731,258041,"[8, 1, 28, 32, 26]",1,0.25834202766418457,http,HDF5
passed,1.6947407569969073,258041,"[8, 1, 28, 32, 26]",1,1.6938035488128662,s3,HDF5
passed,0.009780205000424758,1873966,"[58, 1, 7, 2, 15]",2,0.009541749954223633,local,HDF5
passed,0.3329904650163371,1873966,"[58, 1, 7, 2, 15]",2,0.3327341079711914,http,HDF5
passed,1.5787937019777019,1873966,"[58, 1, 7, 2, 15]",2,1.5783913135528564,s3,HDF5
passed,0.003590993001125753,668415,"[21, 1, 13, 24, 32]",3,0.0034346580505371094,local,HDF5
passed,0.22633802000200376,668415,"[21, 1, 13, 24, 32]",3,0.22610259056091309,http,HDF5
passed,1.0845213779830374,668415,"[21, 1, 13, 24, 32]",3,1.0841803550720215,s3,HDF5
passed,0.0021156410221010447,713168,"[22, 1, 25, 15, 17]",4,0.0019769668579101562,local,HDF5
passed,0.23854292399482802,713168,"[22, 1, 25, 15, 17]",4,0.23831629753112793,http,HDF5
passed,1.1247510059911292,713168,"[22, 1, 25, 15, 17]",4,1.1245090961456299,s3,HDF5
passed,0.01029228200786747,3182920,"[98, 1, 5, 11, 9]",5,0.010120868682861328,local,HDF5
passed,0.3185617570125032,3182920,"[98, 1, 5, 11, 9]",5,0.3183104991912842,http,HDF5
passed,1.4032714760105591,3182920,"[98, 1, 5, 11, 9]",5,1.403001070022583,s3,HDF5
passed,0.0034728539758361876,2326174,"[71, 1, 32, 21, 31]",6,0.0033257007598876953,local,HDF5
passed,0.24316149100195616,2326174,"[71, 1, 32, 21, 31]",6,0.24289512634277344,http,HDF5
passed,1.0522249120112974,2326174,"[71, 1, 32, 21, 31]",6,1.051612138748169,s3,HDF5
passed,0.0014832899905741215,949378,"[29, 1, 32, 5, 3]",7,0.001344442367553711,local,HDF5
passed,0.2598503959889058,949378,"[29, 1, 32, 5, 3]",7,0.25960826873779297,http,HDF5
passed,1.0661859319952782,949378,"[29, 1, 32, 5, 3]",7,1.0659315586090088,s3,HDF5
passed,0.00211067299824208,2344097,"[72, 1, 18, 6, 2]",8,0.0018270015716552734,local,HDF5
passed,0.214184076001402,2344097,"[72, 1, 18, 6, 2]",8,0.21394753456115723,http,HDF5
passed,0.8088883540185634,2344097,"[72, 1, 18, 6, 2]",8,0.8086357116699219,s3,HDF5
passed,0.0024092480016406626,1991004,"[61, 1, 25, 11, 29]",9,0.0022706985473632812,local,HDF5
passed,0.22833129100035876,1991004,"[61, 1, 25, 11, 29]",9,0.22809720039367676,http,HDF5
passed,1.0545884580060374,1991004,"[61, 1, 25, 11, 29]",9,1.0541670322418213,s3,HDF5
passed,0.0034904170024674386,3083539,"[95, 1, 4, 9, 20]",10,0.0033288002014160156,local,HDF5
passed,0.20492352297878824,3083539,"[95, 1, 4, 9, 20]",10,0.20463013648986816,http,HDF5
passed,1.0578940069826785,3083539,"[95, 1, 4, 9, 20]",10,1.0576531887054443,s3,HDF5
passed,0.0015744809934403747,1303119,"[40, 1, 25, 19, 16]",11,0.0014345645904541016,local,HDF5
passed,0.2396100199839566,1303119,"[40, 1, 25, 19, 16]",11,0.2393631935119629,http,HDF5
passed,1.3593492259969935,1303119,"[40, 1, 25, 19, 16]",11,1.3590872287750244,s3,HDF5
passed,0.009468459989875555,1775842,"[55, 1, 7, 8, 3]",12,0.009235620498657227,local,HDF5
passed,0.3049282090214547,1775842,"[55, 1, 7, 8, 3]",12,0.30468225479125977,http,HDF5
passed,1.5449675430136267,1775842,"[55, 1, 7, 8, 3]",12,1.5447156429290771,s3,HDF5
passed,0.001565449987538159,1145654,"[35, 1, 31, 26, 23]",13,0.0014204978942871094,local,HDF5
passed,0.19366352198994718,1145654,"[35, 1, 31, 26, 23]",13,0.19339871406555176,http,HDF5
passed,1.0630928770115133,1145654,"[35, 1, 31, 26, 23]",13,1.0627663135528564,s3,HDF5
passed,0.0031175419862847775,2800247,"[86, 1, 15, 20, 24]",14,0.002965211868286133,local,HDF5
passed,0.2225423300114926,2800247,"[86, 1, 15, 20, 24]",14,0.22230029106140137,http,HDF5
passed,0.9292947380163241,2800247,"[86, 1, 15, 20, 24]",14,0.9290497303009033,s3,HDF5
passed,0.0008830750011838973,3111573,"[95, 1, 31, 21, 22]",15,0.0007476806640625,local,HDF5
passed,0.1706334209884517,3111573,"[95, 1, 31, 21, 22]",15,0.17040061950683594,http,HDF5
passed,0.8212875690078363,3111573,"[95, 1, 31, 21, 22]",15,0.8210458755493164,s3,HDF5
passed,0.0017740599869284779,2462906,"[76, 1, 6, 6, 27]",16,0.001626729965209961,local,HDF5
passed,0.2005311039974913,2462906,"[76, 1, 6, 6, 27]",16,0.2002880573272705,http,HDF5
passed,1.1191948069899809,2462906,"[76, 1, 6, 6, 27]",16,1.118952751159668,s3,HDF5
passed,0.0020800299826078117,2405099,"[74, 1, 13, 24, 12]",17,0.0019447803497314453,local,HDF5
passed,0.19139151900890283,2405099,"[74, 1, 13, 24, 12]",17,0.19114995002746582,http,HDF5
passed,1.0187681899988092,2405099,"[74, 1, 13, 24, 12]",17,1.018517255783081,s3,HDF5
passed,0.003105129988398403,228096,"[7, 1, 31, 25, 1]",18,0.0029344558715820312,local,HDF5
passed,0.19167518700123765,228096,"[7, 1, 31, 25, 1]",18,0.1914377212524414,http,HDF5
passed,1.0370238950126804,228096,"[7, 1, 31, 25, 1]",18,1.0367059707641602,s3,HDF5
passed,0.0033296160108875483,2175078,"[67, 1, 13, 4, 7]",19,0.0030143260955810547,local,HDF5
passed,0.16798684297828004,2175078,"[67, 1, 13, 4, 7]",19,0.16773462295532227,http,HDF5
passed,0.9479260179796256,2175078,"[67, 1, 13, 4, 7]",19,0.9476168155670166,s3,HDF5
passed,0.0008136560209095478,2398228,"[74, 1, 7, 1, 21]",20,0.0006840229034423828,local,HDF5
passed,0.18681305402424186,2398228,"[74, 1, 7, 1, 21]",20,0.18656420707702637,http,HDF5
passed,0.8962887529924046,2398228,"[74, 1, 7, 1, 21]",20,0.8960483074188232,s3,HDF5
passed,0.0014583989977836609,2297540,"[71, 1, 4, 23, 5]",21,0.001322031021118164,local,HDF5
passed,0.16772098798537627,2297540,"[71, 1, 4, 23, 5]",21,0.16749024391174316,http,HDF5
passed,0.8834965899877716,2297540,"[71, 1, 4, 23, 5]",21,0.8832478523254395,s3,HDF5
passed,0.0014156189863570035,502985,"[16, 1, 12, 7, 10]",22,0.0012764930725097656,local,HDF5
passed,0.1880253020208329,502985,"[16, 1, 12, 7, 10]",22,0.18779587745666504,http,HDF5
passed,1.101856630994007,502985,"[16, 1, 12, 7, 10]",22,1.1016111373901367,s3,HDF5
passed,0.0008709639951121062,1869079,"[58, 1, 2, 9, 24]",23,0.0007374286651611328,local,HDF5
passed,0.16713943099603057,1869079,"[58, 1, 2, 9, 24]",23,0.16689729690551758,http,HDF5
passed,0.871602859988343,1869079,"[58, 1, 2, 9, 24]",23,0.8713607788085938,s3,HDF5
passed,0.010031537007307634,1012325,"[31, 1, 29, 20, 6]",24,0.009830236434936523,local,HDF5
passed,0.2299957089999225,1012325,"[31, 1, 29, 20, 6]",24,0.22975516319274902,http,HDF5
passed,1.175116385013098,1012325,"[31, 1, 29, 20, 6]",24,1.1748409271240234,s3,HDF5
passed,0.0020548079919535667,2162166,"[66, 1, 32, 16, 23]",25,0.0018627643585205078,local,HDF5
passed,0.18315225499100052,2162166,"[66, 1, 32, 16, 23]",25,0.18289446830749512,http,HDF5
passed,0.8850272730051074,2162166,"[66, 1, 32, 16, 23]",25,0.8847806453704834,s3,HDF5
passed,0.001054562017088756,950012,"[29, 1, 32, 24, 29]",26,0.0009133815765380859,local,HDF5
passed,0.16584421001607552,950012,"[29, 1, 32, 24, 29]",26,0.16560769081115723,http,HDF5
passed,0.8677953930164222,950012,"[29, 1, 32, 24, 29]",26,0.8675525188446045,s3,HDF5
passed,0.0009457579872105271,255507,"[8, 1, 26, 17, 20]",27,0.000812530517578125,local,HDF5
passed,0.1592395680199843,255507,"[8, 1, 26, 17, 20]",27,0.1590118408203125,http,HDF5
passed,0.8357855599897448,255507,"[8, 1, 26, 17, 20]",27,0.8354597091674805,s3,HDF5
passed,0.0008647640061099082,2812195,"[86, 1, 27, 10, 4]",28,0.0007262229919433594,local,HDF5
passed,0.22174212298705243,2812195,"[86, 1, 27, 10, 4]",28,0.22150111198425293,http,HDF5
passed,0.7721113010193221,2812195,"[86, 1, 27, 10, 4]",28,0.7717962265014648,s3,HDF5
passed,0.005298648000461981,2767354,"[85, 1, 15, 16, 27]",29,0.005154132843017578,local,HDF5
passed,0.21572696801740676,2767354,"[85, 1, 15, 16, 27]",29,0.21549272537231445,http,HDF5
passed,0.9216639370133635,2767354,"[85, 1, 15, 16, 27]",29,0.9214174747467041,s3,HDF5
passed,0.003168852999806404,1814153,"[56, 1, 12, 21, 10]",30,0.0030257701873779297,local,HDF5
passed,0.21337539801606908,1814153,"[56, 1, 12, 21, 10]",30,0.21314239501953125,http,HDF5
passed,1.0618797369825188,1814153,"[56, 1, 12, 21, 10]",30,1.0616333484649658,s3,HDF5
passed,0.0010537810157984495,2469603,"[76, 1, 12, 24, 4]",31,0.0008859634399414062,local,HDF5
passed,0.21437959498143755,2469603,"[76, 1, 12, 24, 4]",31,0.21413469314575195,http,HDF5
passed,0.9029846650082618,2469603,"[76, 1, 12, 24, 4]",31,0.9026575088500977,s3,HDF5
passed,0.002970441011711955,1613452,"[50, 1, 8, 21, 13]",32,0.0028150081634521484,local,HDF5
passed,0.1851511919812765,1613452,"[50, 1, 8, 21, 13]",32,0.18489432334899902,http,HDF5
passed,0.8708280439896043,1613452,"[50, 1, 8, 21, 13]",32,0.8705763816833496,s3,HDF5
passed,0.0030019970145076513,3159233,"[97, 1, 14, 7, 2]",33,0.0028510093688964844,local,HDF5
passed,0.2637120140134357,3159233,"[97, 1, 14, 7, 2]",33,0.2634396553039551,http,HDF5
passed,1.0531512509915046,3159233,"[97, 1, 14, 7, 2]",33,1.052903175354004,s3,HDF5
passed,0.001458212995203212,130177,"[4, 1, 32, 5, 2]",34,0.0013089179992675781,local,HDF5
passed,0.2203345620073378,130177,"[4, 1, 32, 5, 2]",34,0.220048189163208,http,HDF5
passed,1.0081616179959383,130177,"[4, 1, 32, 5, 2]",34,1.0079057216644287,s3,HDF5
passed,0.0032642850128468126,1384659,"[43, 1, 9, 7, 20]",35,0.0027551651000976562,local,HDF5
passed,0.37292503600474447,1384659,"[43, 1, 9, 7, 20]",35,0.3726787567138672,http,HDF5
passed,0.9760485969891306,1384659,"[43, 1, 9, 7, 20]",35,0.9756619930267334,s3,HDF5
passed,0.0019086069951299578,2246412,"[69, 1, 18, 25, 13]",36,0.0017392635345458984,local,HDF5
passed,0.22788244200637564,2246412,"[69, 1, 18, 25, 13]",36,0.2276473045349121,http,HDF5
passed,1.2250479919894133,2246412,"[69, 1, 18, 25, 13]",36,1.2248022556304932,s3,HDF5
passed,0.0009337919764220715,3206348,"[98, 1, 28, 7, 13]",37,0.0007834434509277344,local,HDF5
passed,0.16537707700626925,3206348,"[98, 1, 28, 7, 13]",37,0.16504311561584473,http,HDF5
passed,1.172065268008737,3206348,"[98, 1, 28, 7, 13]",37,1.1717114448547363,s3,HDF5
passed,0.003190706018358469,2282919,"[70, 1, 22, 14, 8]",38,0.0015437602996826172,local,HDF5
passed,0.22193433900247328,2282919,"[70, 1, 22, 14, 8]",38,0.22121262550354004,http,HDF5
passed,1.0460740860144142,2282919,"[70, 1, 22, 14, 8]",38,1.0458192825317383,s3,HDF5
passed,0.002034044999163598,1685171,"[52, 1, 14, 22, 20]",39,0.0018758773803710938,local,HDF5
passed,0.26911346198176034,1685171,"[52, 1, 14, 22, 20]",39,0.26885461807250977,http,HDF5
passed,1.1635843249969184,1685171,"[52, 1, 14, 22, 20]",39,1.1633188724517822,s3,HDF5
passed,0.0010007810196839273,947123,"[29, 1, 29, 30, 20]",40,0.0008687973022460938,local,HDF5
passed,0.1823531260015443,947123,"[29, 1, 29, 30, 20]",40,0.18211674690246582,http,HDF5
passed,0.8226850390201434,947123,"[29, 1, 29, 30, 20]",40,0.8224403858184814,s3,HDF5
passed,0.0020887620048597455,1763808,"[54, 1, 27, 16, 1]",41,0.0019381046295166016,local,HDF5
passed,0.19750964699778706,1763808,"[54, 1, 27, 16, 1]",41,0.19726943969726562,http,HDF5
passed,0.9238264049927238,1763808,"[54, 1, 27, 16, 1]",41,0.9235742092132568,s3,HDF5
passed,0.0010084389941766858,3100336,"[95, 1, 20, 22, 17]",42,0.0008604526519775391,local,HDF5
passed,0.1664393210085109,3100336,"[95, 1, 20, 22, 17]",42,0.16617918014526367,http,HDF5
passed,0.8693567659938708,3100336,"[95, 1, 20, 22, 17]",42,0.8690586090087891,s3,HDF5
passed,0.0013849489914719015,26731,"[1, 1, 27, 4, 12]",43,0.001245737075805664,local,HDF5
passed,0.20116674798191525,26731,"[1, 1, 27, 4, 12]",43,0.2009270191192627,http,HDF5
passed,0.8186102039762773,26731,"[1, 1, 27, 4, 12]",43,0.8183600902557373,s3,HDF5
passed,0.0008776960021350533,998221,"[31, 1, 15, 27, 14]",44,0.0007386207580566406,local,HDF5
passed,0.21534936400712468,998221,"[31, 1, 15, 27, 14]",44,0.2150895595550537,http,HDF5
passed,0.9629880290012807,998221,"[31, 1, 15, 27, 14]",44,0.9627382755279541,s3,HDF5
passed,0.0008716360025573522,2271213,"[70, 1, 10, 32, 14]",45,0.0007326602935791016,local,HDF5
passed,0.17920297299860977,2271213,"[70, 1, 10, 32, 14]",45,0.17895746231079102,http,HDF5
passed,1.0166657300142106,2271213,"[70, 1, 10, 32, 14]",45,1.0164234638214111,s3,HDF5
passed,0.0020069360034540296,439928,"[14, 1, 14, 20, 25]",46,0.0017845630645751953,local,HDF5
passed,0.21719229000154883,439928,"[14, 1, 14, 20, 25]",46,0.21694302558898926,http,HDF5
passed,1.015705102996435,439928,"[14, 1, 14, 20, 25]",46,1.0154578685760498,s3,HDF5
passed,0.0014698790037073195,2041029,"[63, 1, 10, 7, 6]",47,0.0013079643249511719,local,HDF5
passed,0.23899264700594358,2041029,"[63, 1, 10, 7, 6]",47,0.23874688148498535,http,HDF5
passed,1.1662368329998571,2041029,"[63, 1, 10, 7, 6]",47,1.1659927368164062,s3,HDF5
passed,0.001542185986181721,2618125,"[80, 1, 29, 25, 14]",48,0.0013957023620605469,local,HDF5
passed,0.19614474900299683,2618125,"[80, 1, 29, 25, 14]",48,0.1958765983581543,http,HDF5
passed,1.0394546070019715,2618125,"[80, 1, 29, 25, 14]",48,1.0392036437988281,s3,HDF5
passed,0.001463566004531458,2885810,"[89, 1, 3, 6, 19]",49,0.0013217926025390625,local,HDF5
passed,0.23813039201195352,2885810,"[89, 1, 3, 6, 19]",49,0.23788809776306152,http,HDF5
passed,1.0889413850090932,2885810,"[89, 1, 3, 6, 19]",49,1.088696002960205,s3,HDF5
passed,0.0009172899881377816,934328,"[29, 1, 17, 14, 25]",50,0.0007810592651367188,local,HDF5
passed,0.1687908080057241,934328,"[29, 1, 17, 14, 25]",50,0.1685476303100586,http,HDF5
passed,0.8677698890096508,934328,"[29, 1, 17, 14, 25]",50,0.8675236701965332,s3,HDF5
passed,0.001386472984449938,1163571,"[36, 1, 17, 10, 20]",51,0.0012536048889160156,local,HDF5
passed,0.20165534000261687,1163571,"[36, 1, 17, 10, 20]",51,0.201416015625,http,HDF5
passed,0.916812782001216,1163571,"[36, 1, 17, 10, 20]",51,0.9165725708007812,s3,HDF5
passed,0.0010092419979628175,688931,"[22, 1, 1, 26, 4]",52,0.0007777214050292969,local,HDF5
passed,0.16065964600420557,688931,"[22, 1, 1, 26, 4]",52,0.16036462783813477,http,HDF5
passed,0.9605415579862893,688931,"[22, 1, 1, 26, 4]",52,0.9602987766265869,s3,HDF5
passed,0.010220738011412323,2134435,"[66, 1, 5, 14, 4]",53,0.010026216506958008,local,HDF5
passed,0.2907756789936684,2134435,"[66, 1, 5, 14, 4]",53,0.290529727935791,http,HDF5
passed,1.510552091000136,2134435,"[66, 1, 5, 14, 4]",53,1.5102965831756592,s3,HDF5
passed,0.0017491689941380173,1866692,"[57, 1, 31, 31, 5]",54,0.0016083717346191406,local,HDF5
passed,0.22576235799351707,1866692,"[57, 1, 31, 31, 5]",54,0.22551798820495605,http,HDF5
passed,0.9452970679849386,1866692,"[57, 1, 31, 31, 5]",54,0.9450204372406006,s3,HDF5
passed,0.0019165419798810035,2377836,"[73, 1, 19, 4, 13]",55,0.0017271041870117188,local,HDF5
passed,0.20218543100054376,2377836,"[73, 1, 19, 4, 13]",55,0.20172786712646484,http,HDF5
passed,1.0776196910010185,2377836,"[73, 1, 19, 4, 13]",55,1.077211618423462,s3,HDF5
passed,0.0018765880085993558,545617,"[17, 1, 21, 27, 18]",56,0.0017328262329101562,local,HDF5
passed,0.17987556898151524,545617,"[17, 1, 21, 27, 18]",56,0.1796424388885498,http,HDF5
passed,1.0136108620208688,545617,"[17, 1, 21, 27, 18]",56,1.0133676528930664,s3,HDF5
passed,0.0010257940157316625,709995,"[22, 1, 22, 12, 12]",57,0.0008816719055175781,local,HDF5
passed,0.17432071501389146,709995,"[22, 1, 22, 12, 12]",57,0.17408108711242676,http,HDF5
passed,0.8261462550144643,709995,"[22, 1, 22, 12, 12]",57,0.8258838653564453,s3,HDF5
passed,0.0019455550063867122,770509,"[24, 1, 17, 15, 14]",58,0.0017876625061035156,local,HDF5
passed,0.20256448900909163,770509,"[24, 1, 17, 15, 14]",58,0.20216894149780273,http,HDF5
passed,0.8966919649974443,770509,"[24, 1, 17, 15, 14]",58,0.8964512348175049,s3,HDF5
passed,0.0014665049966424704,186757,"[6, 1, 23, 13, 6]",59,0.0013265609741210938,local,HDF5
passed,0.25096693300292827,186757,"[6, 1, 23, 13, 6]",59,0.25070881843566895,http,HDF5
passed,0.965074342006119,186757,"[6, 1, 23, 13, 6]",59,0.9646852016448975,s3,HDF5
passed,0.0010250759951304644,2047231,"[63, 1, 16, 8, 32]",60,0.0008883476257324219,local,HDF5
passed,0.16901201399741694,2047231,"[63, 1, 16, 8, 32]",60,0.1687774658203125,http,HDF5
passed,0.8329305159859359,2047231,"[63, 1, 16, 8, 32]",60,0.8326802253723145,s3,HDF5
passed,0.0015703390236012638,595890,"[19, 1, 6, 30, 19]",61,0.0014009475708007812,local,HDF5
passed,0.21108553299563937,595890,"[19, 1, 6, 30, 19]",61,0.21084856986999512,http,HDF5
passed,0.937411777995294,595890,"[19, 1, 6, 30, 19]",61,0.9371585845947266,s3,HDF5
passed,0.0015428450133185834,3032464,"[93, 1, 18, 13, 17]",62,0.0014007091522216797,local,HDF5
passed,0.1882727970078122,3032464,"[93, 1, 18, 13, 17]",62,0.18803167343139648,http,HDF5
passed,0.8329284460050985,3032464,"[93, 1, 18, 13, 17]",62,0.8326160907745361,s3,HDF5
passed,0.0014320829941425472,729225,"[23, 1, 9, 5, 10]",63,0.0012888908386230469,local,HDF5
passed,0.2248944669845514,729225,"[23, 1, 9, 5, 10]",63,0.2246565818786621,http,HDF5
passed,0.980705414986005,729225,"[23, 1, 9, 5, 10]",63,0.9804627895355225,s3,HDF5
passed,0.0019857950101140887,2862515,"[88, 1, 12, 14, 20]",64,0.0018322467803955078,local,HDF5
passed,0.17368366100708954,2862515,"[88, 1, 12, 14, 20]",64,0.17343974113464355,http,HDF5
passed,0.8108659379940946,2862515,"[88, 1, 12, 14, 20]",64,0.810615062713623,s3,HDF5
passed,0.0010470300039742142,257973,"[8, 1, 28, 30, 22]",65,0.0008852481842041016,local,HDF5
passed,0.18193983202218078,257973,"[8, 1, 28, 30, 22]",65,0.18168234825134277,http,HDF5
passed,0.9478770769783296,257973,"[8, 1, 28, 30, 22]",65,0.9476187229156494,s3,HDF5
passed,0.0013908069813624024,291401,"[9, 1, 29, 19, 10]",66,0.0012161731719970703,local,HDF5
passed,0.1911290230054874,291401,"[9, 1, 29, 19, 10]",66,0.19088363647460938,http,HDF5
passed,0.9455062830238603,291401,"[9, 1, 29, 19, 10]",66,0.9452571868896484,s3,HDF5
passed,0.0012714600015897304,3209045,"[98, 1, 30, 27, 22]",67,0.0011241436004638672,local,HDF5
passed,0.21284887500223704,3209045,"[98, 1, 30, 27, 22]",67,0.2126011848449707,http,HDF5
passed,0.9047266639827285,3209045,"[98, 1, 30, 27, 22]",67,0.9044783115386963,s3,HDF5
passed,0.007768695009872317,823469,"[26, 1, 5, 6, 14]",68,0.007583141326904297,local,HDF5
passed,0.33515340700978413,823469,"[26, 1, 5, 6, 14]",68,0.33489990234375,http,HDF5
passed,1.660840583004756,823469,"[26, 1, 5, 6, 14]",68,1.6605546474456787,s3,HDF5
passed,0.0009437310218345374,1737496,"[54, 1, 1, 25, 25]",69,0.0007987022399902344,local,HDF5
passed,0.19705973501550034,1737496,"[54, 1, 1, 25, 25]",69,0.19681572914123535,http,HDF5
passed,0.9149060570052825,1737496,"[54, 1, 1, 25, 25]",69,0.9146420955657959,s3,HDF5
passed,0.0021896670223213732,1832791,"[56, 1, 30, 27, 24]",70,0.0019745826721191406,local,HDF5
passed,0.24716083399835043,1832791,"[56, 1, 30, 27, 24]",70,0.24690532684326172,http,HDF5
passed,0.9436872680089436,1832791,"[56, 1, 30, 27, 24]",70,0.9434330463409424,s3,HDF5
passed,0.0017205879848916084,2931883,"[90, 1, 16, 6, 12]",71,0.0015523433685302734,local,HDF5
passed,0.2451821629947517,2931883,"[90, 1, 16, 6, 12]",71,0.24489712715148926,http,HDF5
passed,1.3086218329844996,2931883,"[90, 1, 16, 6, 12]",71,1.3083713054656982,s3,HDF5
passed,0.0010332540259696543,1991385,"[61, 1, 25, 23, 26]",72,0.0008754730224609375,local,HDF5
passed,0.2249040399910882,1991385,"[61, 1, 25, 23, 26]",72,0.2246541976928711,http,HDF5
passed,1.0232809479930438,1991385,"[61, 1, 25, 23, 26]",72,1.022902011871338,s3,HDF5
passed,0.0025741150020621717,1369764,"[42, 1, 26, 22, 5]",73,0.002390623092651367,local,HDF5
passed,0.2085859729850199,1369764,"[42, 1, 26, 22, 5]",73,0.20835304260253906,http,HDF5
passed,1.0455300780013204,1369764,"[42, 1, 26, 22, 5]",73,1.0450503826141357,s3,HDF5
passed,0.0028909919783473015,2007625,"[62, 1, 9, 19, 10]",74,0.002710103988647461,local,HDF5
passed,0.20055617301841266,2007625,"[62, 1, 9, 19, 10]",74,0.20031261444091797,http,HDF5
passed,0.9980597719841171,2007625,"[62, 1, 9, 19, 10]",74,0.9976987838745117,s3,HDF5
passed,0.0017551519849803299,1225235,"[38, 1, 13, 17, 20]",75,0.001611471176147461,local,HDF5
passed,0.19907939998665825,1225235,"[38, 1, 13, 17, 20]",75,0.19883465766906738,http,HDF5
passed,0.8852822849876247,1225235,"[38, 1, 13, 17, 20]",75,0.8850057125091553,s3,HDF5
passed,0.0011518109822645783,544658,"[17, 1, 20, 29, 19]",76,0.0009248256683349609,local,HDF5
passed,0.1604614539828617,544658,"[17, 1, 20, 29, 19]",76,0.16022014617919922,http,HDF5
passed,0.8278793520003092,544658,"[17, 1, 20, 29, 19]",76,0.8276312351226807,s3,HDF5
passed,0.0010390790121164173,1395063,"[43, 1, 19, 12, 24]",77,0.0008647441864013672,local,HDF5
passed,0.14064175100065768,1395063,"[43, 1, 19, 12, 24]",77,0.140397310256958,http,HDF5
passed,0.7867116660054307,1395063,"[43, 1, 19, 12, 24]",77,0.78633713722229,s3,HDF5
passed,0.0020342160132713616,2586948,"[79, 1, 31, 11, 5]",78,0.0018689632415771484,local,HDF5
passed,0.27595944100175984,2586948,"[79, 1, 31, 11, 5]",78,0.2757222652435303,http,HDF5
passed,1.0373266660026275,2586948,"[79, 1, 31, 11, 5]",78,1.0370004177093506,s3,HDF5
passed,0.0016198079974856228,2964775,"[91, 1, 16, 10, 8]",79,0.0014526844024658203,local,HDF5
passed,0.24001592697459273,2964775,"[91, 1, 16, 10, 8]",79,0.23978114128112793,http,HDF5
passed,0.921288170007756,2964775,"[91, 1, 16, 10, 8]",79,0.9210484027862549,s3,HDF5
passed,0.0013596130011137575,1941062,"[60, 1, 8, 19, 7]",80,0.0012226104736328125,local,HDF5
passed,0.19970586799900047,1941062,"[60, 1, 8, 19, 7]",80,0.19947266578674316,http,HDF5
passed,0.8227769410004839,1941062,"[60, 1, 8, 19, 7]",80,0.8225390911102295,s3,HDF5
passed,0.00202679997892119,381282,"[12, 1, 21, 12, 3]",81,0.0018887519836425781,local,HDF5
passed,0.21709930201177485,381282,"[12, 1, 21, 12, 3]",81,0.21686077117919922,http,HDF5
passed,1.0907675199850928,381282,"[12, 1, 21, 12, 3]",81,1.0904767513275146,s3,HDF5
passed,0.0015191390120889992,2017457,"[62, 1, 19, 6, 18]",82,0.001241922378540039,local,HDF5
passed,0.167282353999326,2017457,"[62, 1, 19, 6, 18]",82,0.16704416275024414,http,HDF5
passed,1.1109254519979004,2017457,"[62, 1, 19, 6, 18]",82,1.1106135845184326,s3,HDF5
passed,0.0033143610053230077,1207895,"[37, 1, 28, 19, 24]",83,0.0031163692474365234,local,HDF5
passed,0.19751106499461457,1207895,"[37, 1, 28, 19, 24]",83,0.1971752643585205,http,HDF5
passed,0.9019457630056422,1207895,"[37, 1, 28, 19, 24]",83,0.9016973972320557,s3,HDF5
passed,0.0010798540024552494,1204314,"[37, 1, 25, 3, 27]",84,0.0009300708770751953,local,HDF5
passed,0.1993230860098265,1204314,"[37, 1, 25, 3, 27]",84,0.19906139373779297,http,HDF5
passed,0.8556701639899984,1204314,"[37, 1, 25, 3, 27]",84,0.855414628982544,s3,HDF5
passed,0.0010807320068124682,1382332,"[43, 1, 6, 30, 29]",85,0.0008492469787597656,local,HDF5
passed,0.2066261250001844,1382332,"[43, 1, 6, 30, 29]",85,0.20604538917541504,http,HDF5
passed,0.7669621509849094,1382332,"[43, 1, 6, 30, 29]",85,0.7667179107666016,s3,HDF5
passed,0.0010757500131148845,1812041,"[56, 1, 10, 19, 10]",86,0.0008287429809570312,local,HDF5
passed,0.2791943500051275,1812041,"[56, 1, 10, 19, 10]",86,0.2789151668548584,http,HDF5
passed,0.8310732409881894,1812041,"[56, 1, 10, 19, 10]",86,0.8305618762969971,s3,HDF5
passed,0.0027458950062282383,2375516,"[73, 1, 16, 27, 29]",87,0.00081634521484375,local,HDF5
passed,0.19637120101833716,2375516,"[73, 1, 16, 27, 29]",87,0.19613432884216309,http,HDF5
passed,0.874910272017587,2375516,"[73, 1, 16, 27, 29]",87,0.8745975494384766,s3,HDF5
passed,0.0076001099951099604,1644993,"[51, 1, 7, 15, 2]",88,0.007409572601318359,local,HDF5
passed,0.34425551601452753,1644993,"[51, 1, 7, 15, 2]",88,0.34400463104248047,http,HDF5
passed,1.4307274489838164,1644993,"[51, 1, 7, 15, 2]",88,1.430473804473877,s3,HDF5
passed,0.0009267029818147421,2612107,"[80, 1, 23, 29, 12]",89,0.0007882118225097656,local,HDF5
passed,0.1800074150087312,2612107,"[80, 1, 23, 29, 12]",89,0.17956042289733887,http,HDF5
passed,0.8237450149899814,2612107,"[80, 1, 23, 29, 12]",89,0.8235020637512207,s3,HDF5
passed,0.007761012006085366,1576193,"[49, 1, 4, 9, 2]",90,0.0075991153717041016,local,HDF5
passed,0.2707149909983855,1576193,"[49, 1, 4, 9, 2]",90,0.27046966552734375,http,HDF5
passed,1.4357897879963275,1576193,"[49, 1, 4, 9, 2]",90,1.4355294704437256,s3,HDF5
passed,0.008074932004092261,1872359,"[58, 1, 5, 16, 8]",91,0.007171630859375,local,HDF5
passed,0.31548956100596115,1872359,"[58, 1, 5, 16, 8]",91,0.3152165412902832,http,HDF5
passed,1.1793386230128817,1872359,"[58, 1, 5, 16, 8]",91,1.1790754795074463,s3,HDF5
passed,0.0009659570059739053,2596443,"[80, 1, 8, 19, 28]",92,0.0008177757263183594,local,HDF5
passed,0.21995876598521136,2596443,"[80, 1, 8, 19, 28]",92,0.2197127342224121,http,HDF5
passed,0.8288870819960721,2596443,"[80, 1, 8, 19, 28]",92,0.828040361404419,s3,HDF5
passed,0.0027894570084754378,2250606,"[69, 1, 22, 28, 15]",93,0.0015540122985839844,local,HDF5
passed,0.24334673897828907,2250606,"[69, 1, 22, 28, 15]",93,0.24309992790222168,http,HDF5
passed,1.0321067260229029,2250606,"[69, 1, 22, 28, 15]",93,1.0318551063537598,s3,HDF5
passed,0.0008938240061979741,1799164,"[55, 1, 29, 32, 29]",94,0.0007355213165283203,local,HDF5
passed,0.2662306310085114,1799164,"[55, 1, 29, 32, 29]",94,0.26598358154296875,http,HDF5
passed,1.460607833985705,1799164,"[55, 1, 29, 32, 29]",94,1.4603297710418701,s3,HDF5
passed,0.00734437198843807,1806786,"[56, 1, 5, 15, 3]",95,0.006842613220214844,local,HDF5
passed,0.2982167150184978,1806786,"[56, 1, 5, 15, 3]",95,0.29785871505737305,http,HDF5
passed,1.370626098010689,1806786,"[56, 1, 5, 15, 3]",95,1.3700549602508545,s3,HDF5
passed,0.0024662019859533757,631525,"[20, 1, 9, 24, 6]",96,0.0023190975189208984,local,HDF5
passed,0.19258181200711988,631525,"[20, 1, 9, 24, 6]",96,0.19234395027160645,http,HDF5
passed,1.771685012994567,631525,"[20, 1, 9, 24, 6]",96,1.7713823318481445,s3,HDF5
passed,0.0033811890170909464,2837043,"[87, 1, 19, 18, 20]",97,0.003213167190551758,local,HDF5
passed,0.24468867797986604,2837043,"[87, 1, 19, 18, 20]",97,0.24443840980529785,http,HDF5
passed,1.0858059419842903,2837043,"[87, 1, 19, 18, 20]",97,1.0855581760406494,s3,HDF5
passed,0.0010384839843027294,746416,"[23, 1, 25, 30, 17]",98,0.0008921623229980469,local,HDF5
passed,0.18476156299584545,746416,"[23, 1, 25, 30, 17]",98,0.1844174861907959,http,HDF5
passed,0.8680066679953597,746416,"[23, 1, 25, 30, 17]",98,0.86775803565979,s3,HDF5
passed,0.0010459969926159829,379642,"[12, 1, 19, 24, 27]",99,0.0009062290191650391,local,HDF5
passed,0.23031342899776064,379642,"[12, 1, 19, 24, 27]",99,0.23006796836853027,http,HDF5
passed,0.9290557579952292,379642,"[12, 1, 19, 24, 27]",99,0.9288005828857422,s3,HDF5
failed,NaN,379642,"[12, 1, 19, 24, 27]",99,0.9288005828857422,s3,TIFF
